unique_id,ds,LGBMRegressor
aguas_claras,2023-12-19,3.8243342920908465
aguas_claras,2023-12-20,3.2531314593094076
aguas_claras,2023-12-21,2.7936428484861984
aguas_claras,2023-12-22,2.5093110652429496
aguas_claras,2023-12-23,4.80836787188335
aguas_claras,2023-12-24,3.444626873932041
aguas_claras,2023-12-25,4.103559015814718
aguas_claras,2023-12-26,3.679987144353215
aguas_claras,2023-12-27,3.448997047020208
aguas_claras,2023-12-28,3.000186396122606
aguas_claras,2023-12-29,3.0411166177560593
aguas_claras,2023-12-30,4.659501182494844
aguas_claras,2023-12-31,2.7118303585092094
aguas_claras,2024-01-01,4.647552055661103
aguas_claras,2024-01-02,3.7344153459335456
aguas_claras,2024-01-03,3.143945560461893
aguas_claras,2024-01-04,3.159364548099938
aguas_claras,2024-01-05,3.700586658979603
aguas_claras,2024-01-06,4.027319748048754
aguas_claras,2024-01-07,2.615791859223896
aguas_claras,2024-01-08,4.027637505154872
aguas_claras,2024-01-09,3.325271822433293
aguas_claras,2024-01-10,2.6400100933802544
aguas_claras,2024-01-11,2.9241279376187133
aguas_claras,2024-01-12,3.26269532348664
aguas_claras,2024-01-13,3.8965519377677613
aguas_claras,2024-01-14,2.9881890191200027
aguas_claras,2024-01-15,4.3764765201986195
aguas_claras,2024-01-16,3.8686160936796594
aguas_claras,2024-01-17,3.2554929831714468
aguas_claras,2024-01-18,3.1727585827006015
aguas_claras,2024-01-19,3.830144948382855
aguas_claras,2024-01-20,3.3267995833155886
aguas_claras,2024-01-21,2.908512462409028
aguas_claras,2024-01-22,3.9602254261220655
aguas_claras,2024-01-23,3.238602747644152
aguas_claras,2024-01-24,2.6400100933802544
aguas_claras,2024-01-25,3.112818728096501
aguas_claras,2024-01-26,3.703369784251487
aguas_claras,2024-01-27,2.798322065471741
aguas_claras,2024-01-28,2.6296125593631894
aguas_claras,2024-01-29,4.652462566624268
aguas_claras,2024-01-30,2.845625914821882
aguas_claras,2024-01-31,3.485242755585894
aguas_claras,2024-02-01,2.7846658788928154
aguas_claras,2024-02-02,3.5610232345811768
aguas_claras,2024-02-03,2.9929177534383795
aguas_claras,2024-02-04,2.8958144480115067
aguas_claras,2024-02-05,4.128282651540702
aguas_claras,2024-02-06,3.2905606949166453
aguas_claras,2024-02-07,2.7822054683058233
aguas_claras,2024-02-08,3.170436683457793
aguas_claras,2024-02-09,3.7701328883714025
aguas_claras,2024-02-10,2.9510668748986553
aguas_claras,2024-02-11,3.23056735953364
aguas_claras,2024-02-12,4.191495656953572
aguas_claras,2024-02-13,3.873669248164436
aguas_claras,2024-02-14,3.233016484075959
aguas_claras,2024-02-15,3.3069520246357054
aguas_claras,2024-02-16,3.810096309100491
aguas_claras,2024-02-17,3.2908595148614284
aguas_claras,2024-02-18,3.1758403971565827
arniqueira,2023-12-02,1.19663562050002
arniqueira,2023-12-03,1.262355575120253
arniqueira,2023-12-04,1.6176386104713656
arniqueira,2023-12-05,1.4237538146336988
arniqueira,2023-12-06,1.3943633406099794
arniqueira,2023-12-07,1.5521013023080183
arniqueira,2023-12-08,1.5269502900879997
arniqueira,2023-12-09,1.483464714941035
arniqueira,2023-12-10,1.3383931804067184
arniqueira,2023-12-11,1.877800357036902
arniqueira,2023-12-12,1.949162034300976
arniqueira,2023-12-13,1.7374031232858709
arniqueira,2023-12-14,1.6442656538463567
arniqueira,2023-12-15,1.7098771841039837
arniqueira,2023-12-16,1.664879024260221
arniqueira,2023-12-17,1.5807121584470196
arniqueira,2023-12-18,2.277329872366482
arniqueira,2023-12-19,1.8129250530019345
arniqueira,2023-12-20,1.647530865416013
arniqueira,2023-12-21,1.5056443926915835
arniqueira,2023-12-22,1.5686457475131255
arniqueira,2023-12-23,1.399038922683963
arniqueira,2023-12-24,1.4317265672186532
arniqueira,2023-12-25,1.8037817332565855
arniqueira,2023-12-26,1.7740442301163857
arniqueira,2023-12-27,1.76185503913607
arniqueira,2023-12-28,1.6442656538463567
arniqueira,2023-12-29,1.748325356845851
arniqueira,2023-12-30,1.580898867387788
arniqueira,2023-12-31,1.6882303003692993
arniqueira,2024-01-01,2.3569637384800513
arniqueira,2024-01-02,1.902726327512542
arniqueira,2024-01-03,2.21409507073289
arniqueira,2024-01-04,1.9547819292061814
arniqueira,2024-01-05,2.3828446310658915
arniqueira,2024-01-06,2.1793524057887383
arniqueira,2024-01-07,2.1007837672537573
arniqueira,2024-01-08,2.611691856279347
arniqueira,2024-01-09,2.4019433165433046
arniqueira,2024-01-10,2.4298930075807057
arniqueira,2024-01-11,2.3705455575878385
arniqueira,2024-01-12,2.903809152627927
arniqueira,2024-01-13,2.8743261910539384
arniqueira,2024-01-14,2.876246657073802
arniqueira,2024-01-15,3.8655093957956845
arniqueira,2024-01-16,2.851076075827558
arniqueira,2024-01-17,3.0066016218493297
arniqueira,2024-01-18,3.1672676804940556
arniqueira,2024-01-19,3.0575169839774556
arniqueira,2024-01-20,3.0470569991592407
arniqueira,2024-01-21,2.75804318489694
arniqueira,2024-01-22,3.94975819194847
arniqueira,2024-01-23,2.3228454609575686
arniqueira,2024-01-24,2.3895954487801085
arniqueira,2024-01-25,2.2944492462052692
arniqueira,2024-01-26,2.8762720075576627
arniqueira,2024-01-27,2.9217705385497292
arniqueira,2024-01-28,2.5096525494216575
arniqueira,2024-01-29,2.7429317629832037
arniqueira,2024-01-30,2.8064562043209573
arniqueira,2024-01-31,2.729137979365788
arniqueira,2024-02-01,2.668844763985868
brazlandia,2023-12-18,1.6176386104713656
brazlandia,2023-12-19,1.6130452491051557
brazlandia,2023-12-20,1.6616480201206671
brazlandia,2023-12-21,1.6680235225916504
brazlandia,2023-12-22,1.7026760134860945
brazlandia,2023-12-23,1.7445385528111415
brazlandia,2023-12-24,1.4748093054349376
brazlandia,2023-12-25,2.1077814011903624
brazlandia,2023-12-26,2.101090472206142
brazlandia,2023-12-27,2.019906282941749
brazlandia,2023-12-28,1.752824049996248
brazlandia,2023-12-29,1.984229068130691
brazlandia,2023-12-30,1.8512183745271047
brazlandia,2023-12-31,1.7993866864006516
brazlandia,2024-01-01,3.648396190503527
brazlandia,2024-01-02,3.280153890291276
brazlandia,2024-01-03,3.522540587641841
brazlandia,2024-01-04,3.186328579873275
brazlandia,2024-01-05,3.8199187237853676
brazlandia,2024-01-06,3.8356855222292063
brazlandia,2024-01-07,3.747769543604675
brazlandia,2024-01-08,4.084377780688908
brazlandia,2024-01-09,3.9168594396058096
brazlandia,2024-01-10,2.023250341779865
brazlandia,2024-01-11,3.2643555462904033
brazlandia,2024-01-12,3.931059475463229
brazlandia,2024-01-13,3.8664251027115357
brazlandia,2024-01-14,3.0272123030331777
brazlandia,2024-01-15,4.046041669559401
brazlandia,2024-01-16,4.205346995082287
brazlandia,2024-01-17,4.389796539629773
brazlandia,2024-01-18,1.7713523359128878
brazlandia,2024-01-19,4.052552183404484
brazlandia,2024-01-20,3.3191267795589954
brazlandia,2024-01-21,2.8816634926202584
brazlandia,2024-01-22,4.284444188014688
brazlandia,2024-01-23,3.2348616878166343
brazlandia,2024-01-24,3.0600416483905883
brazlandia,2024-01-25,3.6874203129989267
brazlandia,2024-01-26,2.985771211988428
brazlandia,2024-01-27,3.211167721541577
brazlandia,2024-01-28,2.7429874914167334
brazlandia,2024-01-29,3.4031281251649386
brazlandia,2024-01-30,2.497047512565007
brazlandia,2024-01-31,2.797503026785737
brazlandia,2024-02-01,2.557984390244667
brazlandia,2024-02-02,3.0358882511943994
brazlandia,2024-02-03,2.877779771059782
brazlandia,2024-02-04,2.437558098254205
brazlandia,2024-02-05,2.871527655197343
brazlandia,2024-02-06,2.3562059986858728
brazlandia,2024-02-07,2.1700946854529346
brazlandia,2024-02-08,2.421036883844968
brazlandia,2024-02-09,2.9910524050596092
brazlandia,2024-02-10,2.630393903455541
brazlandia,2024-02-11,2.632174289816015
brazlandia,2024-02-12,3.106076885871623
brazlandia,2024-02-13,2.8021252277086584
brazlandia,2024-02-14,2.636753903005747
brazlandia,2024-02-15,2.668844763985868
brazlandia,2024-02-16,2.4054918544716437
brazlandia,2024-02-17,2.466192023201634
candangolandia,2023-12-08,1.3343384439863628
candangolandia,2023-12-09,1.19663562050002
candangolandia,2023-12-10,1.213356797832552
candangolandia,2023-12-11,1.458998745577907
candangolandia,2023-12-12,1.4517887325465648
candangolandia,2023-12-13,1.3943633406099794
candangolandia,2023-12-14,1.3317532132438714
candangolandia,2023-12-15,1.3532074023713536
candangolandia,2023-12-16,1.2616949807971367
candangolandia,2023-12-17,1.213356797832552
candangolandia,2023-12-18,1.458998745577907
candangolandia,2023-12-19,1.4772214408119244
candangolandia,2023-12-20,1.3943633406099794
candangolandia,2023-12-21,1.3317532132438714
candangolandia,2023-12-22,1.3532074023713536
candangolandia,2023-12-23,1.2616949807971367
candangolandia,2023-12-24,1.213356797832552
candangolandia,2023-12-25,1.458998745577907
candangolandia,2023-12-26,1.4772214408119244
candangolandia,2023-12-27,1.3943633406099794
candangolandia,2023-12-28,1.3317532132438714
candangolandia,2023-12-29,1.3532074023713536
candangolandia,2023-12-30,1.2616949807971367
candangolandia,2023-12-31,1.213356797832552
candangolandia,2024-01-01,1.9265837519646438
candangolandia,2024-01-02,1.5721551832656666
candangolandia,2024-01-03,1.5722147652065561
candangolandia,2024-01-04,1.520396187041493
candangolandia,2024-01-05,2.1120502721154404
candangolandia,2024-01-06,1.906785453300359
candangolandia,2024-01-07,1.9344733880553486
candangolandia,2024-01-08,2.407647259527442
candangolandia,2024-01-09,2.725496350881571
candangolandia,2024-01-10,2.4885443455076004
candangolandia,2024-01-11,2.1317321202808692
candangolandia,2024-01-12,2.669709405611608
candangolandia,2024-01-13,2.6928892505034834
candangolandia,2024-01-14,2.8530702798641503
candangolandia,2024-01-15,4.399913303522649
candangolandia,2024-01-16,2.07732415680894
candangolandia,2024-01-17,3.505306054080554
candangolandia,2024-01-18,2.7509004904112495
candangolandia,2024-01-19,3.284936122840927
candangolandia,2024-01-20,3.357668032725621
candangolandia,2024-01-21,3.464945168601128
candangolandia,2024-01-22,4.084459263579646
candangolandia,2024-01-23,3.704700056218111
candangolandia,2024-01-24,2.5138287115557985
candangolandia,2024-01-25,2.5213641010606977
candangolandia,2024-01-26,4.071143086723421
candangolandia,2024-01-27,2.756713411570161
candangolandia,2024-01-28,2.7429874914167334
candangolandia,2024-01-29,3.94975819194847
candangolandia,2024-01-30,2.415810546717277
candangolandia,2024-01-31,2.3895954487801085
candangolandia,2024-02-01,2.526244895799753
candangolandia,2024-02-02,3.315456331176387
candangolandia,2024-02-03,2.9700657818475973
candangolandia,2024-02-04,2.5298441090420214
candangolandia,2024-02-05,3.5512187073069326
candangolandia,2024-02-06,2.638821489273765
candangolandia,2024-02-07,2.805373684921978
ceilandia,2023-12-19,1.672483358982643
ceilandia,2023-12-20,1.7111006009954572
ceilandia,2023-12-21,1.4744724388091883
ceilandia,2023-12-22,1.4907120966541072
ceilandia,2023-12-23,1.3874989811817828
ceilandia,2023-12-24,1.4293895301706583
ceilandia,2023-12-25,1.6849946242811553
ceilandia,2023-12-26,2.3112409803858327
ceilandia,2023-12-27,1.9468607601757137
ceilandia,2023-12-28,1.8804022256744377
ceilandia,2023-12-29,1.9621146988984877
ceilandia,2023-12-30,1.7249532338704912
ceilandia,2023-12-31,1.5196486475591677
ceilandia,2024-01-01,3.2694691894605685
ceilandia,2024-01-02,3.2879105253451595
ceilandia,2024-01-03,3.421065241594881
ceilandia,2024-01-04,3.4091493424716024
ceilandia,2024-01-05,4.14344397463196
ceilandia,2024-01-06,3.7666207048325635
ceilandia,2024-01-07,3.747769543604675
ceilandia,2024-01-08,4.853640868557226
ceilandia,2024-01-09,2.613117422087595
ceilandia,2024-01-10,2.08906506337248
ceilandia,2024-01-11,3.266362658770195
ceilandia,2024-01-12,4.213240433623755
ceilandia,2024-01-13,3.602586375483015
ceilandia,2024-01-14,3.4449546979419123
ceilandia,2024-01-15,4.741654093358952
ceilandia,2024-01-16,3.6372505447052856
ceilandia,2024-01-17,3.9052084270480205
ceilandia,2024-01-18,2.3588730483935176
ceilandia,2024-01-19,3.453506408014034
ceilandia,2024-01-20,3.8111930946864634
ceilandia,2024-01-21,2.9187364379368375
ceilandia,2024-01-22,4.430193469593488
ceilandia,2024-01-23,3.2348616878166343
ceilandia,2024-01-24,3.0814568375377545
ceilandia,2024-01-25,4.290881738918001
ceilandia,2024-01-26,3.5955245447794097
ceilandia,2024-01-27,2.93310629215098
ceilandia,2024-01-28,2.8528377785027543
ceilandia,2024-01-29,3.364710531144691
ceilandia,2024-01-30,2.572627702436141
ceilandia,2024-01-31,3.6207089635608773
ceilandia,2024-02-01,2.819745065426271
ceilandia,2024-02-02,3.3322271881702763
ceilandia,2024-02-03,2.7109293948420525
ceilandia,2024-02-04,2.704985986718151
ceilandia,2024-02-05,3.3302670024386942
ceilandia,2024-02-06,3.2631511716854917
ceilandia,2024-02-07,2.618532175150992
ceilandia,2024-02-08,2.1086759646893496
ceilandia,2024-02-09,3.0222103489269028
ceilandia,2024-02-10,2.9193861269700982
ceilandia,2024-02-11,2.437558098254205
ceilandia,2024-02-12,2.871527655197343
ceilandia,2024-02-13,2.0237406075757596
ceilandia,2024-02-14,2.5745288628148884
ceilandia,2024-02-15,2.7382849521520374
ceilandia,2024-02-16,2.6862367712135757
ceilandia,2024-02-17,2.630393903455541
ceilandia,2024-02-18,2.632174289816015
cruzeiro,2023-12-15,1.548796767753253
cruzeiro,2023-12-16,1.3994845580686024
cruzeiro,2023-12-17,1.3383931804067184
cruzeiro,2023-12-18,1.6807870829394786
cruzeiro,2023-12-19,1.7835757616470984
cruzeiro,2023-12-20,1.9487250617854526
cruzeiro,2023-12-21,1.8260060805739877
cruzeiro,2023-12-22,1.913663482683676
cruzeiro,2023-12-23,1.664879024260221
cruzeiro,2023-12-24,1.6882303003692993
cruzeiro,2023-12-25,2.9625473092678143
cruzeiro,2023-12-26,2.420062602714065
cruzeiro,2023-12-27,2.3962415362804763
cruzeiro,2023-12-28,2.206353491207726
cruzeiro,2023-12-29,1.8932463320671693
cruzeiro,2023-12-30,1.7612617780875996
cruzeiro,2023-12-31,1.8383503582767997
cruzeiro,2024-01-01,2.219193030656784
cruzeiro,2024-01-02,2.977661918686478
cruzeiro,2024-01-03,2.471536034118395
cruzeiro,2024-01-04,2.850173034934012
cruzeiro,2024-01-05,3.071061079853853
cruzeiro,2024-01-06,3.5537718592789
cruzeiro,2024-01-07,2.5919456280669695
cruzeiro,2024-01-08,4.7125331447318874
cruzeiro,2024-01-09,3.45299852361799
cruzeiro,2024-01-10,4.6100922297680915
cruzeiro,2024-01-11,3.101956499973272
cruzeiro,2024-01-12,4.18733493554925
cruzeiro,2024-01-13,3.5778073643260324
cruzeiro,2024-01-14,2.891479811596302
cruzeiro,2024-01-15,3.791278755137046
cruzeiro,2024-01-16,2.8942981949810145
cruzeiro,2024-01-17,2.7623658144705434
cruzeiro,2024-01-18,3.1751624747434044
cruzeiro,2024-01-19,3.283613632996322
cruzeiro,2024-01-20,3.204072809289038
cruzeiro,2024-01-21,2.75804318489694
cruzeiro,2024-01-22,3.44267878769551
cruzeiro,2024-01-23,2.378931778057854
cruzeiro,2024-01-24,3.09039614985087
cruzeiro,2024-01-25,2.3451244008585133
cruzeiro,2024-01-26,2.8886624370999354
cruzeiro,2024-01-27,2.8788410576234886
cruzeiro,2024-01-28,2.4667230684954147
cruzeiro,2024-01-29,2.6339929307622305
cruzeiro,2024-01-30,2.536328951159785
cruzeiro,2024-01-31,2.060395444581796
cruzeiro,2024-02-01,2.742434687487226
cruzeiro,2024-02-02,2.9869026697244205
cruzeiro,2024-02-03,2.630393903455541
cruzeiro,2024-02-04,2.632174289816015
cruzeiro,2024-02-05,3.106076885871623
cruzeiro,2024-02-06,2.0096520965880322
cruzeiro,2024-02-07,2.937484409323406
cruzeiro,2024-02-08,2.202105376772652
cruzeiro,2024-02-09,2.821541567307932
cruzeiro,2024-02-10,2.630393903455541
cruzeiro,2024-02-11,2.448988423073577
cruzeiro,2024-02-12,2.924989807139258
cruzeiro,2024-02-13,2.8021252277086584
cruzeiro,2024-02-14,2.2303865673598158
fercal,2023-11-20,1.7343392353948548
fercal,2023-11-21,1.657477550091639
fercal,2023-11-22,1.5663150740189744
fercal,2023-11-23,1.5834900128765357
fercal,2023-11-24,1.6004042852524054
fercal,2023-11-25,1.7067852032297195
fercal,2023-11-26,1.5588381720840383
fercal,2023-11-27,2.4904554818563147
fercal,2023-11-28,1.9566558230579005
fercal,2023-11-29,1.9949857423629642
fercal,2023-11-30,2.112223828052434
fercal,2023-12-01,1.6308864739995919
fercal,2023-12-02,1.753585307331231
fercal,2023-12-03,1.5136777548838085
fercal,2023-12-04,2.342132689943993
fercal,2023-12-05,1.9781052456598862
fercal,2023-12-06,2.126671513278474
fercal,2023-12-07,1.8887012774742098
fercal,2023-12-08,1.6308864739995919
fercal,2023-12-09,1.753585307331231
fercal,2023-12-10,1.37035189652726
fercal,2023-12-11,1.8685845508340966
fercal,2023-12-12,1.8826026262662794
fercal,2023-12-13,1.870413435285961
fercal,2023-12-14,1.9187857579302414
fercal,2023-12-15,1.7946430265092759
fercal,2023-12-16,1.6011976565501462
fercal,2023-12-17,1.4967320015745866
fercal,2023-12-18,1.8037817332565855
fercal,2023-12-19,1.9261963909536446
fercal,2023-12-20,1.8081727087994948
fercal,2023-12-21,1.6905833235097816
fercal,2023-12-22,1.7098771841039837
fercal,2023-12-23,1.6011976565501462
fercal,2023-12-24,1.4967320015745866
fercal,2023-12-25,1.8037817332565855
fercal,2023-12-26,1.8203618997798128
fercal,2023-12-27,1.8081727087994948
fercal,2023-12-28,1.6905833235097816
fercal,2023-12-29,1.7098771841039837
fercal,2023-12-30,1.6011976565501462
fercal,2023-12-31,1.4967320015745866
fercal,2024-01-01,2.2405509072375165
fercal,2024-01-02,1.805409974414811
fercal,2024-01-03,1.8064382065138698
fercal,2024-01-04,1.7497291653462144
fercal,2024-01-05,1.9637078854974084
fercal,2024-01-06,1.8789723400110456
fercal,2024-01-07,1.7778112368212597
fercal,2024-01-08,2.3838173591454312
fercal,2024-01-09,1.902726327512542
fercal,2024-01-10,2.010829362232714
fercal,2024-01-11,2.132625157666768
fercal,2024-01-12,2.348976137413397
fercal,2024-01-13,2.1793524057887383
fercal,2024-01-14,2.1007837672537573
fercal,2024-01-15,2.6041167080989323
fercal,2024-01-16,2.5145343761352863
fercal,2024-01-17,2.822940531017346
fercal,2024-01-18,3.0098061257510333
fercal,2024-01-19,3.472344344645322
fercal,2024-01-20,2.8930514309817106
gama,2023-12-19,1.6368429784766367
gama,2023-12-20,1.9363112649420469
gama,2023-12-21,1.8205850148541745
gama,2023-12-22,1.661619787784361
gama,2023-12-23,1.5736933306168377
gama,2023-12-24,1.6859591187834522
gama,2023-12-25,2.186934971321158
gama,2023-12-26,2.273845171139277
gama,2023-12-27,1.9033724558283478
gama,2023-12-28,1.8586840855434579
gama,2023-12-29,1.6308864739995919
gama,2023-12-30,1.753585307331231
gama,2023-12-31,1.37035189652726
gama,2024-01-01,2.7345875982026624
gama,2024-01-02,2.541189541849083
gama,2024-01-03,2.47730588652883
gama,2024-01-04,1.9533652322411832
gama,2024-01-05,2.1673439523923763
gama,2024-01-06,2.246673990709693
gama,2024-01-07,2.0579670293620778
gama,2024-01-08,2.3932479539521148
gama,2024-01-09,1.80445599148285
gama,2024-01-10,2.9410423637980103
gama,2024-01-11,2.8029353044871073
gama,2024-01-12,3.4421952990783216
gama,2024-01-13,3.1366051605971763
gama,2024-01-14,2.6326929274583364
gama,2024-01-15,3.6859602193414434
gama,2024-01-16,3.7893776300328663
gama,2024-01-17,2.3301505161639873
gama,2024-01-18,2.702356824210898
gama,2024-01-19,3.631674665760613
gama,2024-01-20,3.134645478780723
gama,2024-01-21,3.143596917813417
gama,2024-01-22,4.475234095615607
gama,2024-01-23,3.66941242985948
gama,2024-01-24,3.713230320358871
gama,2024-01-25,2.2944578405714897
gama,2024-01-26,3.632504857342532
gama,2024-01-27,3.08843444660747
gama,2024-01-28,3.1135245185341605
gama,2024-01-29,4.046041669559401
gama,2024-01-30,3.3082728534080816
gama,2024-01-31,2.995578921094876
gama,2024-02-01,3.814151799611484
gama,2024-02-02,3.5176435596956046
gama,2024-02-03,2.9467531877356707
gama,2024-02-04,2.861185062753645
gama,2024-02-05,4.116421722376416
gama,2024-02-06,2.714155100289303
gama,2024-02-07,2.7822054683058233
gama,2024-02-08,2.7864168262027738
gama,2024-02-09,3.350282778507079
gama,2024-02-10,3.110204184702831
gama,2024-02-11,2.7130377243570285
gama,2024-02-12,4.155972384906987
gama,2024-02-13,2.4668248399298345
gama,2024-02-14,2.689353175729409
gama,2024-02-15,2.6380544204827383
gama,2024-02-16,3.3470343934563713
gama,2024-02-17,2.99988899625042
gama,2024-02-18,2.665765040797931
guara,2023-12-19,3.216000076971052
guara,2023-12-20,4.645969229043805
guara,2023-12-21,2.8270632729193683
guara,2023-12-22,2.9800087068118284
guara,2023-12-23,5.438033639070893
guara,2023-12-24,3.346880987983493
guara,2023-12-25,5.36079525942087
guara,2023-12-26,4.373450010449032
guara,2023-12-27,3.9131205049777633
guara,2023-12-28,2.978960159625023
guara,2023-12-29,3.735182157049865
guara,2023-12-30,3.874862085019682
guara,2023-12-31,3.136937295417761
guara,2024-01-01,4.5273507462602955
guara,2024-01-02,2.656583896179165
guara,2024-01-03,2.6400324025779716
guara,2024-01-04,3.101921543455576
guara,2024-01-05,3.918333709479438
guara,2024-01-06,3.272911495276135
guara,2024-01-07,2.9799439484745402
guara,2024-01-08,4.082908033526787
guara,2024-01-09,3.8686160936796594
guara,2024-01-10,3.3831077224994925
guara,2024-01-11,3.2357652291394685
guara,2024-01-12,3.1093028260618705
guara,2024-01-13,4.185658471862652
guara,2024-01-14,2.966051424562418
guara,2024-01-15,3.20994457285088
guara,2024-01-16,2.686116725087558
guara,2024-01-17,3.6207089635608773
guara,2024-01-18,2.2640987775976056
guara,2024-01-19,4.086890692010603
guara,2024-01-20,3.863756648721044
guara,2024-01-21,2.827960760398559
guara,2024-01-22,5.226433507610168
guara,2024-01-23,4.389367095549133
guara,2024-01-24,2.5629398340554537
guara,2024-01-25,3.854551938733445
guara,2024-01-26,3.868225830214016
guara,2024-01-27,3.0369921374712234
guara,2024-01-28,2.5770584924763256
guara,2024-01-29,4.514679623113076
guara,2024-01-30,3.9700767570454625
guara,2024-01-31,3.3772506596994827
guara,2024-02-01,2.7583390791967197
guara,2024-02-02,3.6975966844494335
guara,2024-02-03,2.9886040662753954
guara,2024-02-04,3.255822988042466
guara,2024-02-05,4.269465311427065
guara,2024-02-06,2.906260156017268
guara,2024-02-07,3.5285948660187367
guara,2024-02-08,2.5984170936944064
guara,2024-02-09,3.553408934386271
guara,2024-02-10,3.338570112597784
guara,2024-02-11,2.8264126564105725
guara,2024-02-12,3.609342318123458
guara,2024-02-13,3.1573509093388257
guara,2024-02-14,2.93327761578549
guara,2024-02-15,3.170436683457793
guara,2024-02-16,3.7701328883714025
guara,2024-02-17,3.308551012162515
guara,2024-02-18,3.160683024975571
itapoa,2023-12-11,1.3675175096884815
itapoa,2023-12-12,1.2799057137486671
itapoa,2023-12-13,1.3164211517796658
itapoa,2023-12-14,1.4005980608796698
itapoa,2023-12-15,1.27526521354104
itapoa,2023-12-16,1.3456751376695697
itapoa,2023-12-17,1.213356797832552
itapoa,2023-12-18,1.5598937128078911
itapoa,2023-12-19,1.5152350505231242
itapoa,2023-12-20,1.5718168506319945
itapoa,2023-12-21,1.4639468127902389
itapoa,2023-12-22,1.3942636280730865
itapoa,2023-12-23,1.3027512064988707
itapoa,2023-12-24,1.2544130235342859
itapoa,2023-12-25,1.5798921157094945
itapoa,2023-12-26,1.920990238825587
itapoa,2023-12-27,1.6280724754189482
itapoa,2023-12-28,1.8260060805739877
itapoa,2023-12-29,1.6439980615929521
itapoa,2023-12-30,1.5530325265717533
itapoa,2023-12-31,1.6663076042296503
itapoa,2024-01-01,2.380793638862062
itapoa,2024-01-02,2.105992036012718
itapoa,2024-01-03,2.21409507073289
itapoa,2024-01-04,2.16314031214758
itapoa,2024-01-05,2.348976137413397
itapoa,2024-01-06,2.3456787129534162
itapoa,2024-01-07,2.300110961357065
itapoa,2024-01-08,3.3866756341067115
itapoa,2024-01-09,2.813301236485185
itapoa,2024-01-10,2.8998828850037013
itapoa,2024-01-11,3.0466989127861615
itapoa,2024-01-12,3.022801458469557
itapoa,2024-01-13,3.5221977354719582
itapoa,2024-01-14,3.4145897443425275
itapoa,2024-01-15,3.8631593939534046
itapoa,2024-01-16,2.431123817341101
itapoa,2024-01-17,2.797503026785737
itapoa,2024-01-18,2.8545073249111015
itapoa,2024-01-19,3.4792325439933025
itapoa,2024-01-20,3.486693640099091
itapoa,2024-01-21,2.8857238161548624
itapoa,2024-01-22,4.099095284017548
itapoa,2024-01-23,3.5715070577419117
itapoa,2024-01-24,2.4160028765995003
itapoa,2024-01-25,2.8457254726371874
itapoa,2024-01-26,3.607327884020126
itapoa,2024-01-27,3.2702810781074625
itapoa,2024-01-28,3.116047078929684
itapoa,2024-01-29,4.460598075177704
itapoa,2024-01-30,3.237895087194357
itapoa,2024-01-31,3.8291215577890267
itapoa,2024-02-01,2.6244369346456886
itapoa,2024-02-02,3.501055681946567
itapoa,2024-02-03,2.9467531877356707
itapoa,2024-02-04,2.861185062753645
itapoa,2024-02-05,4.116421722376416
itapoa,2024-02-06,2.6064823673369824
itapoa,2024-02-07,2.6842922543544803
itapoa,2024-02-08,2.210151310736308
itapoa,2024-02-09,3.4212931245485585
itapoa,2024-02-10,2.9582826403401037
jardim_botanico,2023-12-16,2.8341314335069154
jardim_botanico,2023-12-17,2.538428876983379
jardim_botanico,2023-12-18,4.7738883103788785
jardim_botanico,2023-12-19,4.934278382093037
jardim_botanico,2023-12-20,5.609113926533481
jardim_botanico,2023-12-21,4.433030449934711
jardim_botanico,2023-12-22,3.8341836643140064
jardim_botanico,2023-12-23,3.530410792540658
jardim_botanico,2023-12-24,3.1572728823779186
jardim_botanico,2023-12-25,5.3420500092036844
jardim_botanico,2023-12-26,4.970018612169187
jardim_botanico,2023-12-27,4.628588769007941
jardim_botanico,2023-12-28,3.774394949054313
jardim_botanico,2023-12-29,3.1896593266339544
jardim_botanico,2023-12-30,3.060685776999933
jardim_botanico,2023-12-31,2.939053648688492
jardim_botanico,2024-01-01,3.476711951811165
jardim_botanico,2024-01-02,2.99392675037103
jardim_botanico,2024-01-03,3.3887587712277263
jardim_botanico,2024-01-04,2.7061816900237328
jardim_botanico,2024-01-05,3.793237395452461
jardim_botanico,2024-01-06,2.7135833036323223
jardim_botanico,2024-01-07,2.8801908439222754
jardim_botanico,2024-01-08,3.5469329637442564
jardim_botanico,2024-01-09,2.3228454609575686
jardim_botanico,2024-01-10,2.3895954487801085
jardim_botanico,2024-01-11,2.178888403735497
jardim_botanico,2024-01-12,2.8721797660159565
jardim_botanico,2024-01-13,2.5003981963721276
jardim_botanico,2024-01-14,2.4871539934252076
jardim_botanico,2024-01-15,3.0926286507091603
jardim_botanico,2024-01-16,2.8064562043209573
jardim_botanico,2024-01-17,3.6919280973775837
jardim_botanico,2024-01-18,2.9105528681994404
jardim_botanico,2024-01-19,3.0113800362917815
jardim_botanico,2024-01-20,2.9803888591841434
jardim_botanico,2024-01-21,3.180733364532826
jardim_botanico,2024-01-22,3.8631593939534046
jardim_botanico,2024-01-23,2.3228454609575686
jardim_botanico,2024-01-24,2.845620182170321
jardim_botanico,2024-01-25,2.4465997469054717
jardim_botanico,2024-01-26,3.0370378271755487
jardim_botanico,2024-01-27,3.087445566003057
jardim_botanico,2024-01-28,2.592986037342778
jardim_botanico,2024-01-29,3.4078448286829284
jardim_botanico,2024-01-30,2.769184806576206
jardim_botanico,2024-01-31,2.10174216785023
jardim_botanico,2024-02-01,2.7290377489123303
jardim_botanico,2024-02-02,3.0358882511943994
jardim_botanico,2024-02-03,3.7147338081205117
jardim_botanico,2024-02-04,2.361612424623747
jardim_botanico,2024-02-05,2.995697691499592
jardim_botanico,2024-02-06,2.220718223134954
jardim_botanico,2024-02-07,3.1226033309514953
jardim_botanico,2024-02-08,2.3952486137171047
jardim_botanico,2024-02-09,3.3613819283955135
jardim_botanico,2024-02-10,3.5138273462322687
jardim_botanico,2024-02-11,3.043522890786919
jardim_botanico,2024-02-12,4.674516916912773
jardim_botanico,2024-02-13,4.621707055510596
jardim_botanico,2024-02-14,3.877618146694006
jardim_botanico,2024-02-15,3.974714240053793
lago_norte,2023-12-19,2.183944955046027
lago_norte,2023-12-20,2.133508961984004
lago_norte,2023-12-21,2.0208287069854323
lago_norte,2023-12-22,1.8011015985209011
lago_norte,2023-12-23,1.664879024260221
lago_norte,2023-12-24,1.6627226093135001
lago_norte,2023-12-25,2.2463440072882466
lago_norte,2023-12-26,2.4782859888370132
lago_norte,2023-12-27,2.2627126810936913
lago_norte,2023-12-28,1.9521797532056775
lago_norte,2023-12-29,2.2236589722838884
lago_norte,2023-12-30,1.9550340510454087
lago_norte,2023-12-31,1.831752147985359
lago_norte,2024-01-01,3.4612820686329275
lago_norte,2024-01-02,3.5267239626521296
lago_norte,2024-01-03,3.6475120077287664
lago_norte,2024-01-04,3.2176710837674487
lago_norte,2024-01-05,4.263007118575951
lago_norte,2024-01-06,3.6005174706570875
lago_norte,2024-01-07,3.678868270654949
lago_norte,2024-01-08,4.324478313278343
lago_norte,2024-01-09,2.133949536961394
lago_norte,2024-01-10,2.923775739950283
lago_norte,2024-01-11,3.7188867900972506
lago_norte,2024-01-12,3.4093023554124438
lago_norte,2024-01-13,3.573416737621504
lago_norte,2024-01-14,3.1350735132417444
lago_norte,2024-01-15,4.8408115446742235
lago_norte,2024-01-16,4.627908034962026
lago_norte,2024-01-17,2.2534087655991835
lago_norte,2024-01-18,2.5805874885859272
lago_norte,2024-01-19,3.714400226218985
lago_norte,2024-01-20,3.5250689962464046
lago_norte,2024-01-21,2.827787228526832
lago_norte,2024-01-22,3.9409158270143942
lago_norte,2024-01-23,3.1719702804510015
lago_norte,2024-01-24,3.7022967772086393
lago_norte,2024-01-25,2.213567684351513
lago_norte,2024-01-26,3.5474904110534173
lago_norte,2024-01-27,3.4820403695654494
lago_norte,2024-01-28,2.9920472632243484
lago_norte,2024-01-29,5.3367661805479205
lago_norte,2024-01-30,3.663442788966197
lago_norte,2024-01-31,3.048241334360157
lago_norte,2024-02-01,3.6986835684074215
lago_norte,2024-02-02,3.5255332303307556
lago_norte,2024-02-03,3.4200256764703187
lago_norte,2024-02-04,2.8150121958111654
lago_norte,2024-02-05,3.8238427544574787
lago_norte,2024-02-06,3.0471174980648126
lago_norte,2024-02-07,2.7822054683058233
lago_norte,2024-02-08,2.9357011595870257
lago_norte,2024-02-09,3.6117939449055707
lago_norte,2024-02-10,2.866328113059236
lago_norte,2024-02-11,2.7130377243570285
lago_norte,2024-02-12,3.648892980654029
lago_norte,2024-02-13,2.4668248399298345
lago_norte,2024-02-14,2.689353175729409
lago_norte,2024-02-15,2.6380544204827383
lago_norte,2024-02-16,3.2971477493725563
lago_norte,2024-02-17,3.0116721377579134
lago_norte,2024-02-18,2.6044513518909653
lago_sul,2023-12-19,1.9805296439627709
lago_sul,2023-12-20,2.1905531343374816
lago_sul,2023-12-21,2.0968826174054014
lago_sul,2023-12-22,2.257502808220437
lago_sul,2023-12-23,1.7488790627222337
lago_sul,2023-12-24,1.605471683473169
lago_sul,2023-12-25,2.8310168736579926
lago_sul,2023-12-26,2.6702856612483
lago_sul,2023-12-27,2.2046536718702345
lago_sul,2023-12-28,2.1496689159438316
lago_sul,2023-12-29,2.0373578759565794
lago_sul,2023-12-30,1.6683746735128042
lago_sul,2023-12-31,1.668057726081186
lago_sul,2024-01-01,2.826002112554783
lago_sul,2024-01-02,2.3828241524695253
lago_sul,2024-01-03,2.77482062959733
lago_sul,2024-01-04,3.2022785212076768
lago_sul,2024-01-05,3.6200578729315316
lago_sul,2024-01-06,2.985687114871947
lago_sul,2024-01-07,2.8888123912866135
lago_sul,2024-01-08,3.886900124303682
lago_sul,2024-01-09,3.5715070577419117
lago_sul,2024-01-10,2.4160028765995003
lago_sul,2024-01-11,3.1342744523397426
lago_sul,2024-01-12,3.566343949315182
lago_sul,2024-01-13,3.134645478780723
lago_sul,2024-01-14,3.5553350757812328
lago_sul,2024-01-15,4.73773695638531
lago_sul,2024-01-16,4.2159197006751095
lago_sul,2024-01-17,3.8145170235867716
lago_sul,2024-01-18,2.329376671026834
lago_sul,2024-01-19,3.5705723427664604
lago_sul,2024-01-20,3.2170199857129727
lago_sul,2024-01-21,3.1477348494579127
lago_sul,2024-01-22,3.786149868720584
lago_sul,2024-01-23,3.227818179469064
lago_sul,2024-01-24,3.016994110242042
lago_sul,2024-01-25,4.196697076911553
lago_sul,2024-01-26,3.618589702920722
lago_sul,2024-01-27,2.756713411570161
lago_sul,2024-01-28,2.7404649310212097
lago_sul,2024-01-29,4.057963680093494
lago_sul,2024-01-30,2.5015015835548255
lago_sul,2024-01-31,3.53596179517398
lago_sul,2024-02-01,2.7640846130918773
lago_sul,2024-02-02,3.350282778507079
lago_sul,2024-02-03,3.1401835723893563
lago_sul,2024-02-04,2.7130377243570285
lago_sul,2024-02-05,4.827087930250624
lago_sul,2024-02-06,2.9264187554787657
lago_sul,2024-02-07,2.8171171698701367
lago_sul,2024-02-08,2.7846658788928154
lago_sul,2024-02-09,3.493974259971342
lago_sul,2024-02-10,4.199555060047539
lago_sul,2024-02-11,2.7718990341510206
lago_sul,2024-02-12,4.0212286158602355
lago_sul,2024-02-13,2.5590454182611615
lago_sul,2024-02-14,2.793808004021854
lago_sul,2024-02-15,2.831489751939164
lago_sul,2024-02-16,3.47321267645644
lago_sul,2024-02-17,3.3355728224860512
lago_sul,2024-02-18,2.7760179989821814
nucleo_bandeirante,2023-12-19,1.6022480566880668
nucleo_bandeirante,2023-12-20,1.8398060495611945
nucleo_bandeirante,2023-12-21,1.5554529840122213
nucleo_bandeirante,2023-12-22,1.4421844476827075
nucleo_bandeirante,2023-12-23,1.2616949807971367
nucleo_bandeirante,2023-12-24,1.2544130235342859
nucleo_bandeirante,2023-12-25,1.4959217255350847
nucleo_bandeirante,2023-12-26,1.6022480566880668
nucleo_bandeirante,2023-12-27,1.6280724754189482
nucleo_bandeirante,2023-12-28,1.6000778169798924
nucleo_bandeirante,2023-12-29,1.4832406733844408
nucleo_bandeirante,2023-12-30,1.3867313633713036
nucleo_bandeirante,2023-12-31,1.2544130235342859
nucleo_bandeirante,2024-01-01,1.8838317579080257
nucleo_bandeirante,2024-01-02,2.1363878111593624
nucleo_bandeirante,2024-01-03,1.898646906289931
nucleo_bandeirante,2024-01-04,1.7497291653462144
nucleo_bandeirante,2024-01-05,1.9541298448727784
nucleo_bandeirante,2024-01-06,2.0761175576202273
nucleo_bandeirante,2024-01-07,2.1813816836748745
nucleo_bandeirante,2024-01-08,2.5928235308731384
nucleo_bandeirante,2024-01-09,3.119413364136674
nucleo_bandeirante,2024-01-10,3.421065241594881
nucleo_bandeirante,2024-01-11,3.0098061257510333
nucleo_bandeirante,2024-01-12,3.92627095353741
nucleo_bandeirante,2024-01-13,3.2664642810904447
nucleo_bandeirante,2024-01-14,3.921451237398423
nucleo_bandeirante,2024-01-15,5.354888459357912
nucleo_bandeirante,2024-01-16,2.4435944406267125
nucleo_bandeirante,2024-01-17,3.7285154173878667
nucleo_bandeirante,2024-01-18,2.936070608594806
nucleo_bandeirante,2024-01-19,3.3543641969313405
nucleo_bandeirante,2024-01-20,3.480957321233002
nucleo_bandeirante,2024-01-21,3.1477348494579127
nucleo_bandeirante,2024-01-22,4.53278817682994
nucleo_bandeirante,2024-01-23,5.432057906022106
nucleo_bandeirante,2024-01-24,2.348201460165412
nucleo_bandeirante,2024-01-25,2.849669977639521
nucleo_bandeirante,2024-01-26,3.5930952901141113
nucleo_bandeirante,2024-01-27,3.884449586897468
nucleo_bandeirante,2024-01-28,2.849596621137238
nucleo_bandeirante,2024-01-29,4.179318345469682
nucleo_bandeirante,2024-01-30,3.1519072159222365
nucleo_bandeirante,2024-01-31,3.942684504479845
nucleo_bandeirante,2024-02-01,2.892856597381112
nucleo_bandeirante,2024-02-02,3.501055681946567
nucleo_bandeirante,2024-02-03,3.313427578198697
nucleo_bandeirante,2024-02-04,2.861185062753645
nucleo_bandeirante,2024-02-05,4.078004128356169
nucleo_bandeirante,2024-02-06,2.666718151213482
nucleo_bandeirante,2024-02-07,2.7043845355865055
nucleo_bandeirante,2024-02-08,2.7456373915036507
nucleo_bandeirante,2024-02-09,3.350282778507079
nucleo_bandeirante,2024-02-10,3.110204184702831
nucleo_bandeirante,2024-02-11,2.7130377243570285
nucleo_bandeirante,2024-02-12,3.567412324861059
nucleo_bandeirante,2024-02-13,1.9158760431868718
nucleo_bandeirante,2024-02-14,2.418581553330529
nucleo_bandeirante,2024-02-15,2.4603086512961747
nucleo_bandeirante,2024-02-16,3.230226867636346
nucleo_bandeirante,2024-02-17,2.4993369098084215
nucleo_bandeirante,2024-02-18,2.313412165542696
outros_estados,2023-12-19,3.7198547835466935
outros_estados,2023-12-20,4.5660611996783524
outros_estados,2023-12-21,4.4328487641164065
outros_estados,2023-12-22,3.524053213466527
outros_estados,2023-12-23,3.176078998045587
outros_estados,2023-12-24,2.426391424448599
outros_estados,2023-12-25,5.435847701039864
outros_estados,2023-12-26,5.645778403885194
outros_estados,2023-12-27,4.828505141123713
outros_estados,2023-12-28,5.9538209545586325
outros_estados,2023-12-29,5.032433602404435
outros_estados,2023-12-30,5.25199439361668
outros_estados,2023-12-31,3.7003061235561567
outros_estados,2024-01-01,6.845444837952735
outros_estados,2024-01-02,4.655291966231243
outros_estados,2024-01-03,4.15246879916417
outros_estados,2024-01-04,2.043236625561155
outros_estados,2024-01-05,4.551528832807349
outros_estados,2024-01-06,5.1541582265895105
outros_estados,2024-01-07,4.5160301922657515
outros_estados,2024-01-08,6.489625099805696
outros_estados,2024-01-09,4.78048175895942
outros_estados,2024-01-10,4.741626257518144
outros_estados,2024-01-11,5.770762925003777
outros_estados,2024-01-12,4.0323451980658325
outros_estados,2024-01-13,4.0882018510589475
outros_estados,2024-01-14,3.425179485894666
outros_estados,2024-01-15,5.251752232565819
outros_estados,2024-01-16,4.758167342582055
outros_estados,2024-01-17,3.2026165866997536
outros_estados,2024-01-18,2.3112205157894583
outros_estados,2024-01-19,4.126308750039499
outros_estados,2024-01-20,4.208254345284422
outros_estados,2024-01-21,3.199093018784405
outros_estados,2024-01-22,4.0281307065964675
outros_estados,2024-01-23,3.917308434652211
outros_estados,2024-01-24,2.960697218535073
outros_estados,2024-01-25,4.499815209573586
outros_estados,2024-01-26,2.9028396488365593
outros_estados,2024-01-27,3.0281689235509153
outros_estados,2024-01-28,2.6326037208126434
outros_estados,2024-01-29,3.364710531144691
outros_estados,2024-01-30,3.0964254334772088
outros_estados,2024-01-31,3.567982811493002
outros_estados,2024-02-01,2.992377300884706
outros_estados,2024-02-02,3.354123629497764
outros_estados,2024-02-03,3.8624015857464222
outros_estados,2024-02-04,2.6755890114868146
outros_estados,2024-02-05,3.5630499697449047
outros_estados,2024-02-06,3.873669248164436
outros_estados,2024-02-07,3.0911067313655285
outros_estados,2024-02-08,2.7833894932194867
outros_estados,2024-02-09,4.211653048352082
outros_estados,2024-02-10,3.313427578198697
outros_estados,2024-02-11,2.861185062753645
outros_estados,2024-02-12,4.423643657404373
outros_estados,2024-02-13,3.8731937354466326
outros_estados,2024-02-14,3.1735351352390686
outros_estados,2024-02-15,3.445636563797618
outros_estados,2024-02-16,3.9024879480610726
outros_estados,2024-02-17,3.3785335333268716
outros_estados,2024-02-18,2.8002463491180256
outros_estados,2024-02-18,2.8002463491180256
paranoa,2023-12-15,1.6245484958209317
paranoa,2023-12-16,1.8439231570861165
paranoa,2023-12-17,1.2802051112300545
paranoa,2023-12-18,1.7840358772687537
paranoa,2023-12-19,2.0809602012046833
paranoa,2023-12-20,1.9412036470179403
paranoa,2023-12-21,2.012449922845101
paranoa,2023-12-22,1.9759042091701429
paranoa,2023-12-23,1.8362297624764936
paranoa,2023-12-24,1.7111469463538804
paranoa,2023-12-25,2.342132689943993
paranoa,2023-12-26,2.4782859888370132
paranoa,2023-12-27,1.9142124096002195
paranoa,2023-12-28,2.1454723371894895
paranoa,2023-12-29,1.8041643484302037
paranoa,2023-12-30,1.5518230698926645
paranoa,2023-12-31,1.7169451527724757
paranoa,2024-01-01,3.1856174909813344
paranoa,2024-01-02,2.5145343761352863
paranoa,2024-01-03,2.9774830936247385
paranoa,2024-01-04,3.2618817273090666
paranoa,2024-01-05,3.667953257751384
paranoa,2024-01-06,3.1878022020303924
paranoa,2024-01-07,3.5341570705873764
paranoa,2024-01-08,4.9664988295975485
paranoa,2024-01-09,3.864789035514857
paranoa,2024-01-10,2.37280844881714
paranoa,2024-01-11,2.997186488907958
paranoa,2024-01-12,3.581749746763774
paranoa,2024-01-13,3.159071663241595
paranoa,2024-01-14,3.339241421173739
paranoa,2024-01-15,3.9409158270143942
paranoa,2024-01-16,3.1574404132553395
paranoa,2024-01-17,3.8291215577890267
paranoa,2024-01-18,2.243926747325397
paranoa,2024-01-19,3.5474904110534173
paranoa,2024-01-20,3.2702810781074625
paranoa,2024-01-21,2.9920472632243484
paranoa,2024-01-22,4.084459263579646
paranoa,2024-01-23,3.0013761163526853
paranoa,2024-01-24,3.016994110242042
paranoa,2024-01-25,3.5440516645726374
paranoa,2024-01-26,3.1270314126275487
paranoa,2024-01-27,3.13179576099866
paranoa,2024-01-28,2.7429874914167334
paranoa,2024-01-29,3.9102075294179004
paranoa,2024-01-30,2.3228454609575686
paranoa,2024-01-31,2.797503026785737
paranoa,2024-02-01,3.0293124342401265
paranoa,2024-02-02,3.2719225822884774
paranoa,2024-02-03,3.6726988852537388
paranoa,2024-02-04,2.7802492837296224
paranoa,2024-02-05,4.611626978087532
paranoa,2024-02-06,3.993859537292955
paranoa,2024-02-07,2.6507687844473815
paranoa,2024-02-08,2.8523199086052946
paranoa,2024-02-09,3.568907362982665
paranoa,2024-02-10,3.3445623938949516
paranoa,2024-02-11,2.9305868543545794
paranoa,2024-02-12,3.5141492116072817
paranoa,2024-02-13,2.7985874230649475
paranoa,2024-02-14,2.7079556435863403
park_way,2023-12-14,1.3317532132438714
park_way,2023-12-15,1.4010039568897774
park_way,2023-12-16,1.3456751376695697
park_way,2023-12-17,1.3565749847854294
park_way,2023-12-18,1.3675175096884815
park_way,2023-12-19,1.5821496429019937
park_way,2023-12-20,1.621044204824098
park_way,2023-12-21,1.665248692365476
park_way,2023-12-22,1.6953518309246807
park_way,2023-12-23,1.5530325265717533
park_way,2023-12-24,1.6859591187834522
park_way,2023-12-25,2.5712261348595176
park_way,2023-12-26,2.2937469906596597
park_way,2023-12-27,2.114411998277433
park_way,2023-12-28,1.9047441014436066
park_way,2023-12-29,1.8236339123757397
park_way,2023-12-30,1.5622174217478417
park_way,2023-12-31,1.7273395046276525
park_way,2024-01-01,2.2557442840614916
park_way,2024-01-02,2.111732499240253
park_way,2024-01-03,2.21409507073289
park_way,2024-01-04,2.6600741466155906
park_way,2024-01-05,2.924268759748391
park_way,2024-01-06,2.5510589170702858
park_way,2024-01-07,3.0400801804108415
park_way,2024-01-08,4.399913303522649
park_way,2024-01-09,3.734687110638713
park_way,2024-01-10,4.243137093881436
park_way,2024-01-11,2.520282167278819
park_way,2024-01-12,4.071143086723421
park_way,2024-01-13,3.395164809488801
park_way,2024-01-14,2.6326037208126434
park_way,2024-01-15,3.734053642254884
park_way,2024-01-16,3.238602747644152
park_way,2024-01-17,2.578842028810848
park_way,2024-01-18,2.4925089038297563
park_way,2024-01-19,3.419395071026595
park_way,2024-01-20,2.9803888591841434
park_way,2024-01-21,2.7330436311003194
park_way,2024-01-22,3.9500945015595046
park_way,2024-01-23,3.192461269079015
park_way,2024-01-24,2.5614330704040604
park_way,2024-01-25,3.1672676804940556
park_way,2024-01-26,3.0575169839774556
park_way,2024-01-27,3.0470569991592407
park_way,2024-01-28,2.75804318489694
park_way,2024-01-29,3.94975819194847
park_way,2024-01-30,2.3228454609575686
park_way,2024-01-31,2.3895954487801085
park_way,2024-02-01,2.526244895799753
park_way,2024-02-02,3.296321890816444
park_way,2024-02-03,2.9700657818475973
park_way,2024-02-04,2.6044513518909653
park_way,2024-02-05,3.5512187073069326
park_way,2024-02-06,2.638821489273765
park_way,2024-02-07,2.805373684921978
park_way,2024-02-08,1.9661357274031241
park_way,2024-02-09,3.230226867636346
park_way,2024-02-10,2.9700657818475973
park_way,2024-02-11,2.5298441090420214
park_way,2024-02-12,3.5512187073069326
park_way,2024-02-13,2.156976242569708
planaltina,2023-12-19,1.621069541696956
planaltina,2023-12-20,1.7403107211697733
planaltina,2023-12-21,1.7090797482933835
planaltina,2023-12-22,1.8841890224120912
planaltina,2023-12-23,1.8292478953005327
planaltina,2023-12-24,1.7764700404160705
planaltina,2023-12-25,2.823159655743261
planaltina,2023-12-26,2.4056035532749624
planaltina,2023-12-27,2.3387239173677132
planaltina,2023-12-28,2.206210588272317
planaltina,2023-12-29,2.1667416600524105
planaltina,2023-12-30,1.9069870342974253
planaltina,2023-12-31,1.7679417550076986
planaltina,2024-01-01,2.982364800916867
planaltina,2024-01-02,3.5267239626521296
planaltina,2024-01-03,3.064712453814625
planaltina,2024-01-04,3.148174258833122
planaltina,2024-01-05,3.558000151385766
planaltina,2024-01-06,3.1924581805668613
planaltina,2024-01-07,3.6412164710775574
planaltina,2024-01-08,3.419583345740171
planaltina,2024-01-09,2.559998165603435
planaltina,2024-01-10,3.53596179517398
planaltina,2024-01-11,2.213567684351513
planaltina,2024-01-12,3.534460049413455
planaltina,2024-01-13,3.134645478780723
planaltina,2024-01-14,3.2356068100078086
planaltina,2024-01-15,4.226753880805536
planaltina,2024-01-16,2.897206614961398
planaltina,2024-01-17,3.087066830992898
planaltina,2024-01-18,4.196697076911553
planaltina,2024-01-19,3.107076148093301
planaltina,2024-01-20,3.1695590676399967
planaltina,2024-01-21,3.3467574531606172
planaltina,2024-01-22,3.364710531144691
planaltina,2024-01-23,4.100381146258583
planaltina,2024-01-24,2.480465603895212
planaltina,2024-01-25,3.2107973308189006
planaltina,2024-01-26,3.743712227735231
planaltina,2024-01-27,3.212332755636085
planaltina,2024-01-28,2.9920472632243484
planaltina,2024-01-29,4.397403697921877
planaltina,2024-01-30,3.755925355470761
planaltina,2024-01-31,3.756329541153384
planaltina,2024-02-01,2.540397234325129
planaltina,2024-02-02,3.4669423135575586
planaltina,2024-02-03,3.2045508690135853
planaltina,2024-02-04,2.861185062753645
planaltina,2024-02-05,4.078004128356169
planaltina,2024-02-06,3.0471174980648126
planaltina,2024-02-07,2.7862023928421995
planaltina,2024-02-08,2.6814793547317675
planaltina,2024-02-09,3.278758826862842
planaltina,2024-02-10,3.1401835723893563
planaltina,2024-02-11,2.7130377243570285
planaltina,2024-02-12,3.648892980654029
planaltina,2024-02-13,1.9158760431868718
planaltina,2024-02-14,2.418581553330529
planaltina,2024-02-15,2.4603086512961747
planaltina,2024-02-16,3.3613819283955135
planaltina,2024-02-17,3.0116721377579134
planaltina,2024-02-18,2.6044513518909653
plano_piloto,2023-12-19,10.27805218064976
plano_piloto,2023-12-20,13.253284057822583
plano_piloto,2023-12-21,11.51530802914053
plano_piloto,2023-12-22,12.54951890509354
plano_piloto,2023-12-23,10.448178352680582
plano_piloto,2023-12-24,8.123832578874937
plano_piloto,2023-12-25,12.82602786359742
plano_piloto,2023-12-26,11.94179211144656
plano_piloto,2023-12-27,13.789245125523573
plano_piloto,2023-12-28,10.096728497219344
plano_piloto,2023-12-29,11.582808395499681
plano_piloto,2023-12-30,11.676166216744582
plano_piloto,2023-12-31,9.704190510778059
plano_piloto,2024-01-01,11.909110729649353
plano_piloto,2024-01-02,9.3414233125421
plano_piloto,2024-01-03,8.45440732765812
plano_piloto,2024-01-04,9.801475828797708
plano_piloto,2024-01-05,11.644636266701635
plano_piloto,2024-01-06,11.450842875079779
plano_piloto,2024-01-07,8.301181399644395
plano_piloto,2024-01-08,16.80513523875358
plano_piloto,2024-01-09,15.00543777628257
plano_piloto,2024-01-10,17.263073876324615
plano_piloto,2024-01-11,11.762881445204048
plano_piloto,2024-01-12,12.080477525807572
plano_piloto,2024-01-13,10.493279862274433
plano_piloto,2024-01-14,10.468374397316383
plano_piloto,2024-01-15,13.267256585003693
plano_piloto,2024-01-16,16.282144070626487
plano_piloto,2024-01-17,11.905714740772899
plano_piloto,2024-01-18,6.831678638354354
plano_piloto,2024-01-19,11.265991948717978
plano_piloto,2024-01-20,9.715141597716604
plano_piloto,2024-01-21,10.627964923443502
plano_piloto,2024-01-22,13.434585746821831
plano_piloto,2024-01-23,8.828789004565916
plano_piloto,2024-01-24,10.77567949677669
plano_piloto,2024-01-25,9.426324217598502
plano_piloto,2024-01-26,10.939749889648153
plano_piloto,2024-01-27,9.878133792283238
plano_piloto,2024-01-28,9.308348686575911
plano_piloto,2024-01-29,14.606534458298098
plano_piloto,2024-01-30,15.425494761074487
plano_piloto,2024-01-31,9.14373886126749
plano_piloto,2024-02-01,10.284283206307027
plano_piloto,2024-02-02,11.982113405081941
plano_piloto,2024-02-03,14.09871802175212
plano_piloto,2024-02-04,13.462750285254637
plano_piloto,2024-02-05,15.185267601753582
plano_piloto,2024-02-06,15.253304636823614
plano_piloto,2024-02-07,17.62482982025177
plano_piloto,2024-02-08,18.620920829059923
plano_piloto,2024-02-09,17.879267249832907
plano_piloto,2024-02-10,13.199515273228286
plano_piloto,2024-02-11,10.716497080138998
plano_piloto,2024-02-12,16.14019004874594
plano_piloto,2024-02-13,17.265361177346414
plano_piloto,2024-02-14,16.011350164583135
plano_piloto,2024-02-15,13.758310183023614
plano_piloto,2024-02-16,13.575129361422476
plano_piloto,2024-02-17,12.549191914261643
plano_piloto,2024-02-18,12.451058048713548
por_do_sol,2023-12-02,1.272089332652314
por_do_sol,2023-12-03,1.2237511496877287
por_do_sol,2023-12-04,1.4784683095234425
por_do_sol,2023-12-05,1.5364334421223154
por_do_sol,2023-12-06,1.5307606249302614
por_do_sol,2023-12-07,1.4228905870885054
por_do_sol,2023-12-08,1.3532074023713536
por_do_sol,2023-12-09,1.3027512064988707
por_do_sol,2023-12-10,1.2544130235342859
por_do_sol,2023-12-11,1.4959217255350847
por_do_sol,2023-12-12,1.496413565514235
por_do_sol,2023-12-13,1.491675191098666
por_do_sol,2023-12-14,1.372809438945604
por_do_sol,2023-12-15,1.3942636280730865
por_do_sol,2023-12-16,1.3867313633713036
por_do_sol,2023-12-17,1.2544130235342859
por_do_sol,2023-12-18,1.4959217255350847
por_do_sol,2023-12-19,1.4124431753398252
por_do_sol,2023-12-20,1.4354195663117124
por_do_sol,2023-12-21,1.372809438945604
por_do_sol,2023-12-22,1.3942636280730865
por_do_sol,2023-12-23,1.3027512064988707
por_do_sol,2023-12-24,1.3383931804067184
por_do_sol,2023-12-25,1.5968166927650689
por_do_sol,2023-12-26,1.5562912762248573
por_do_sol,2023-12-27,1.6621004305258311
por_do_sol,2023-12-28,1.4639468127902389
por_do_sol,2023-12-29,1.3942636280730865
por_do_sol,2023-12-30,1.3027512064988707
por_do_sol,2023-12-31,1.2544130235342859
por_do_sol,2024-01-01,1.9821167786953893
por_do_sol,2024-01-02,1.759092304751385
por_do_sol,2024-01-03,1.7601205368504458
por_do_sol,2024-01-04,1.7026576679224281
por_do_sol,2024-01-05,1.907812175209353
por_do_sol,2024-01-06,1.9346517941163937
por_do_sol,2024-01-07,1.7600067376128872
por_do_sol,2024-01-08,2.3838173591454312
por_do_sol,2024-01-09,1.902726327512542
por_do_sol,2024-01-10,2.010829362232714
por_do_sol,2024-01-11,2.340983540608161
por_do_sol,2024-01-12,2.348976137413397
por_do_sol,2024-01-13,2.2324552681948675
por_do_sol,2024-01-14,2.1007837672537573
por_do_sol,2024-01-15,2.611691856279347
por_do_sol,2024-01-16,2.6407567538502748
por_do_sol,2024-01-17,2.7103494714253644
por_do_sol,2024-01-18,2.8436876780043625
por_do_sol,2024-01-19,3.1443769167596054
por_do_sol,2024-01-20,3.0295484537782627
por_do_sol,2024-01-21,2.6326929274583364
por_do_sol,2024-01-22,2.801677576768233
por_do_sol,2024-01-23,2.5852999471753524
por_do_sol,2024-01-24,1.6409342664930087
por_do_sol,2024-01-25,1.9040580003714493
por_do_sol,2024-01-26,2.693173539512366
por_do_sol,2024-01-27,2.458060625293141
por_do_sol,2024-01-28,2.1846865119783465
por_do_sol,2024-01-29,2.426437477790264
por_do_sol,2024-01-30,1.9315325577998472
por_do_sol,2024-01-31,2.3853282551147266
por_do_sol,2024-02-01,2.507773427461284
recanto_das_emas,2023-12-17,1.3987276563241011
recanto_das_emas,2023-12-18,1.7665824612571115
recanto_das_emas,2023-12-19,1.5757608401703926
recanto_das_emas,2023-12-20,1.9606732109634766
recanto_das_emas,2023-12-21,1.7861987943586275
recanto_das_emas,2023-12-22,1.7026760134860945
recanto_das_emas,2023-12-23,1.5530325265717533
recanto_das_emas,2023-12-24,1.4967320015745866
recanto_das_emas,2023-12-25,2.1978884550203346
recanto_das_emas,2023-12-26,1.9261963909536446
recanto_das_emas,2023-12-27,2.0821470094282155
recanto_das_emas,2023-12-28,1.9541259295714861
recanto_das_emas,2023-12-29,1.8568837529957423
recanto_das_emas,2023-12-30,1.8362297624764936
recanto_das_emas,2023-12-31,1.6036288044316007
recanto_das_emas,2024-01-01,2.3838173591454312
recanto_das_emas,2024-01-02,2.9364681498896044
recanto_das_emas,2024-01-03,2.584127093710377
recanto_das_emas,2024-01-04,2.801200897862879
recanto_das_emas,2024-01-05,2.9186189580865425
recanto_das_emas,2024-01-06,2.8743261910539384
recanto_das_emas,2024-01-07,3.398384661282629
recanto_das_emas,2024-01-08,4.943169324767394
recanto_das_emas,2024-01-09,4.0452169872489705
recanto_das_emas,2024-01-10,2.4592202521663444
recanto_das_emas,2024-01-11,3.4379095392459957
recanto_das_emas,2024-01-12,4.571712331792033
recanto_das_emas,2024-01-13,4.044943601180731
recanto_das_emas,2024-01-14,2.872458655998148
recanto_das_emas,2024-01-15,3.554830272189393
recanto_das_emas,2024-01-16,4.182127691654247
recanto_das_emas,2024-01-17,3.9052084270480205
recanto_das_emas,2024-01-18,2.601170137748848
recanto_das_emas,2024-01-19,3.46654345688582
recanto_das_emas,2024-01-20,3.6320778839261503
recanto_das_emas,2024-01-21,2.565494013122726
recanto_das_emas,2024-01-22,3.364710531144691
recanto_das_emas,2024-01-23,2.559998165603435
recanto_das_emas,2024-01-24,2.412469163027416
recanto_das_emas,2024-01-25,2.2944492462052692
recanto_das_emas,2024-01-26,2.8762720075576627
recanto_das_emas,2024-01-27,3.0777874560709706
recanto_das_emas,2024-01-28,2.2310345295969305
recanto_das_emas,2024-01-29,3.2252470296163085
recanto_das_emas,2024-01-30,2.8472595732048815
recanto_das_emas,2024-01-31,2.729137979365788
recanto_das_emas,2024-02-01,2.668844763985868
recanto_das_emas,2024-02-02,3.1110000623622933
recanto_das_emas,2024-02-03,2.877779771059782
recanto_das_emas,2024-02-04,2.720037001298525
recanto_das_emas,2024-02-05,2.864326241451531
recanto_das_emas,2024-02-06,1.7780456470983985
recanto_das_emas,2024-02-07,2.1700946854529346
recanto_das_emas,2024-02-08,2.80134805909766
recanto_das_emas,2024-02-09,2.9869026697244205
recanto_das_emas,2024-02-10,2.630393903455541
recanto_das_emas,2024-02-11,2.448988423073577
recanto_das_emas,2024-02-12,2.924989807139258
recanto_das_emas,2024-02-13,2.8021252277086584
recanto_das_emas,2024-02-14,2.636753903005747
recanto_das_emas,2024-02-15,2.3058892174773504
recanto_das_emas,2024-02-16,2.821541567307932
riacho_fundo,2023-12-14,1.5715708662535537
riacho_fundo,2023-12-15,1.5027102373299763
riacho_fundo,2023-12-16,1.689917309089613
riacho_fundo,2023-12-17,1.5691838141625474
riacho_fundo,2023-12-18,2.231241341827377
riacho_fundo,2023-12-19,1.9922799340456352
riacho_fundo,2023-12-20,1.8740043728431324
riacho_fundo,2023-12-21,1.826460550987743
riacho_fundo,2023-12-22,2.050381097853278
riacho_fundo,2023-12-23,1.6185715594663481
riacho_fundo,2023-12-24,1.6286780314134848
riacho_fundo,2023-12-25,2.4499344464248534
riacho_fundo,2023-12-26,2.356625200240687
riacho_fundo,2023-12-27,1.9142124096002195
riacho_fundo,2023-12-28,1.7411629936086621
riacho_fundo,2023-12-29,2.2236589722838884
riacho_fundo,2023-12-30,1.8834528085553528
riacho_fundo,2023-12-31,1.7169451527724757
riacho_fundo,2024-01-01,3.1856174909813344
riacho_fundo,2024-01-02,2.4019433165433046
riacho_fundo,2024-01-03,2.1910795702737365
riacho_fundo,2024-01-04,2.850173034934012
riacho_fundo,2024-01-05,3.071061079853853
riacho_fundo,2024-01-06,2.981382897872852
riacho_fundo,2024-01-07,2.876246657073802
riacho_fundo,2024-01-08,3.1389617917867096
riacho_fundo,2024-01-09,2.769184806576206
riacho_fundo,2024-01-10,2.9051262758023717
riacho_fundo,2024-01-11,1.9100710385203896
riacho_fundo,2024-01-12,2.72789661748205
riacho_fundo,2024-01-13,2.384336326301391
riacho_fundo,2024-01-14,2.300293917578554
riacho_fundo,2024-01-15,3.349422091232199
riacho_fundo,2024-01-16,2.1559693602187964
riacho_fundo,2024-01-17,2.1374215584293785
riacho_fundo,2024-01-18,2.5603867137007223
riacho_fundo,2024-01-19,2.985590742666403
riacho_fundo,2024-01-20,3.1366051605971763
riacho_fundo,2024-01-21,2.6326929274583364
riacho_fundo,2024-01-22,3.0354733752392824
riacho_fundo,2024-01-23,2.536328951159785
riacho_fundo,2024-01-24,2.729137979365788
riacho_fundo,2024-01-25,1.5956539930452973
riacho_fundo,2024-01-26,3.0672316543260973
riacho_fundo,2024-01-27,2.384336326301391
riacho_fundo,2024-01-28,2.3477468038452045
riacho_fundo,2024-01-29,2.8199160158939724
riacho_fundo,2024-01-30,2.825509552271942
riacho_fundo,2024-01-31,2.3626151212338877
riacho_fundo,2024-02-01,2.7078414153504125
riacho_fundo,2024-02-02,2.6862367712135757
riacho_fundo,2024-02-03,2.813579770197979
riacho_fundo,2024-02-04,2.3850554260981593
riacho_fundo,2024-02-05,3.1256333844147335
riacho_fundo,2024-02-06,2.0096520965880322
riacho_fundo,2024-02-07,2.7624681969228515
riacho_fundo,2024-02-08,2.5308000914564475
riacho_fundo,2024-02-09,3.0721435831342845
riacho_fundo,2024-02-10,2.424881395648001
riacho_fundo,2024-02-11,2.7356108281171796
riacho_fundo,2024-02-12,2.7585283587539116
riacho_fundo,2024-02-13,2.8021252277086584
riacho_fundo_ii,2023-12-14,1.4005980608796698
riacho_fundo_ii,2023-12-15,1.4328615279721548
riacho_fundo_ii,2023-12-16,1.3309823418990814
riacho_fundo_ii,2023-12-17,1.279426440170752
riacho_fundo_ii,2023-12-18,1.3675175096884815
riacho_fundo_ii,2023-12-19,1.5821496429019937
riacho_fundo_ii,2023-12-20,1.621044204824098
riacho_fundo_ii,2023-12-21,1.6305817677526155
riacho_fundo_ii,2023-12-22,1.568006515789733
riacho_fundo_ii,2023-12-23,1.6116000180103691
riacho_fundo_ii,2023-12-24,1.754547344276421
riacho_fundo_ii,2023-12-25,2.251727904150878
riacho_fundo_ii,2023-12-26,2.294384473754221
riacho_fundo_ii,2023-12-27,1.709771591902479
riacho_fundo_ii,2023-12-28,1.5678851191780498
riacho_fundo_ii,2023-12-29,2.050381097853278
riacho_fundo_ii,2023-12-30,1.753585307331231
riacho_fundo_ii,2023-12-31,1.37035189652726
riacho_fundo_ii,2024-01-01,2.5975168844991194
riacho_fundo_ii,2024-01-02,2.1633170555941104
riacho_fundo_ii,2024-01-03,1.8322310449482535
riacho_fundo_ii,2024-01-04,1.7755220037805985
riacho_fundo_ii,2024-01-05,2.3762079510445426
riacho_fundo_ii,2024-01-06,2.298897718158132
riacho_fundo_ii,2024-01-07,1.8513380384443632
riacho_fundo_ii,2024-01-08,3.0074024706075644
riacho_fundo_ii,2024-01-09,3.2879105253451595
riacho_fundo_ii,2024-01-10,2.822940531017346
riacho_fundo_ii,2024-01-11,3.0098061257510333
riacho_fundo_ii,2024-01-12,3.022801458469557
riacho_fundo_ii,2024-01-13,3.561012583749187
riacho_fundo_ii,2024-01-14,3.143140759587637
riacho_fundo_ii,2024-01-15,3.5469329637442564
riacho_fundo_ii,2024-01-16,3.661617356676227
riacho_fundo_ii,2024-01-17,2.4013453144771026
riacho_fundo_ii,2024-01-18,2.702356824210898
riacho_fundo_ii,2024-01-19,3.4792325439933025
riacho_fundo_ii,2024-01-20,3.486693640099091
riacho_fundo_ii,2024-01-21,3.025781409912404
riacho_fundo_ii,2024-01-22,4.475234095615607
riacho_fundo_ii,2024-01-23,3.1574404132553395
riacho_fundo_ii,2024-01-24,3.8291215577890267
riacho_fundo_ii,2024-01-25,2.2944578405714897
riacho_fundo_ii,2024-01-26,3.497878956076518
riacho_fundo_ii,2024-01-27,3.4847455844461104
riacho_fundo_ii,2024-01-28,2.9895247028288248
riacho_fundo_ii,2024-01-29,4.422180481157457
riacho_fundo_ii,2024-01-30,3.07175388256641
riacho_fundo_ii,2024-01-31,3.0600416483905883
riacho_fundo_ii,2024-02-01,3.5345786698570056
riacho_fundo_ii,2024-02-02,3.246507938095899
riacho_fundo_ii,2024-02-03,3.190629259379266
riacho_fundo_ii,2024-02-04,2.861185062753645
riacho_fundo_ii,2024-02-05,4.116421722376416
riacho_fundo_ii,2024-02-06,2.6064823673369824
riacho_fundo_ii,2024-02-07,2.7822054683058233
riacho_fundo_ii,2024-02-08,2.6418998342891444
riacho_fundo_ii,2024-02-09,2.9100246676238557
riacho_fundo_ii,2024-02-10,2.7109293948420525
riacho_fundo_ii,2024-02-11,2.3734026596996
riacho_fundo_ii,2024-02-12,3.317819739156659
riacho_fundo_ii,2024-02-13,2.0237406075757596
samambaia,2023-12-19,1.7829999055707253
samambaia,2023-12-20,1.819817974868029
samambaia,2023-12-21,1.7153166187327051
samambaia,2023-12-22,1.730171412613016
samambaia,2023-12-23,1.833070925737587
samambaia,2023-12-24,1.7078818149231012
samambaia,2023-12-25,2.9625473092678143
samambaia,2023-12-26,2.631713592499434
samambaia,2023-12-27,2.0875841786020874
samambaia,2023-12-28,2.077439564807558
samambaia,2023-12-29,2.2843972233667165
samambaia,2023-12-30,1.7423549849360587
samambaia,2023-12-31,1.8093265224146293
samambaia,2024-01-01,2.647562667525537
samambaia,2024-01-02,2.374770926049764
samambaia,2024-01-03,2.7881901229098505
samambaia,2024-01-04,2.9035229360419814
samambaia,2024-01-05,3.730402932224871
samambaia,2024-01-06,3.325157251764989
samambaia,2024-01-07,4.049612119893591
samambaia,2024-01-08,5.34299986703149
samambaia,2024-01-09,5.847159578938681
samambaia,2024-01-10,3.702252823721295
samambaia,2024-01-11,1.4656020057909813
samambaia,2024-01-12,3.051035438642706
samambaia,2024-01-13,3.6535340162516947
samambaia,2024-01-14,2.3323182374469136
samambaia,2024-01-15,3.796637275707794
samambaia,2024-01-16,2.9086940461530606
samambaia,2024-01-17,2.231010194202175
samambaia,2024-01-18,2.2237659245034114
samambaia,2024-01-19,3.4151790661227235
samambaia,2024-01-20,3.1972121911117686
samambaia,2024-01-21,3.670416641778872
samambaia,2024-01-22,3.667230845321917
samambaia,2024-01-23,3.048222155097511
samambaia,2024-01-24,3.3255127931300574
samambaia,2024-01-25,3.6874203129989267
samambaia,2024-01-26,2.90678130004901
samambaia,2024-01-27,4.185658471862652
samambaia,2024-01-28,2.773202532719618
samambaia,2024-01-29,3.364710531144691
samambaia,2024-01-30,2.572627702436141
samambaia,2024-01-31,3.53596179517398
samambaia,2024-02-01,2.7640846130918773
samambaia,2024-02-02,3.354123629497764
samambaia,2024-02-03,3.3355728224860512
samambaia,2024-02-04,2.7130377243570285
samambaia,2024-02-05,5.309576050156219
samambaia,2024-02-06,3.1469989443706727
samambaia,2024-02-07,2.8370570066487515
samambaia,2024-02-08,2.7846658788928154
samambaia,2024-02-09,3.493974259971342
samambaia,2024-02-10,3.2594733098598025
samambaia,2024-02-11,2.9305868543545794
samambaia,2024-02-12,3.5141492116072817
samambaia,2024-02-13,2.4668248399298345
samambaia,2024-02-14,2.689353175729409
samambaia,2024-02-15,2.6380544204827383
samambaia,2024-02-16,3.3470343934563713
samambaia,2024-02-17,2.99988899625042
samambaia,2024-02-18,2.665765040797931
santa_maria,2023-12-19,2.273326437651504
santa_maria,2023-12-20,2.1887864389979232
santa_maria,2023-12-21,1.77090815911272
santa_maria,2023-12-22,1.94674407564203
santa_maria,2023-12-23,2.3723566547126866
santa_maria,2023-12-24,1.6494110993747706
santa_maria,2023-12-25,3.155130149411517
santa_maria,2023-12-26,2.431123179299396
santa_maria,2023-12-27,2.4549122083117574
santa_maria,2023-12-28,2.367592628499143
santa_maria,2023-12-29,2.2566844445679863
santa_maria,2023-12-30,2.0784182582552275
santa_maria,2023-12-31,1.716549139773835
santa_maria,2024-01-01,2.7549537474754744
santa_maria,2024-01-02,3.0184445219307126
santa_maria,2024-01-03,3.3234386135948975
santa_maria,2024-01-04,3.8691515792622777
santa_maria,2024-01-05,3.335506424705364
santa_maria,2024-01-06,4.244171743949567
santa_maria,2024-01-07,3.6573796364245705
santa_maria,2024-01-08,4.798551544756682
santa_maria,2024-01-09,2.4435944406267125
santa_maria,2024-01-10,3.2208091969402113
santa_maria,2024-01-11,2.7648607435996135
santa_maria,2024-01-12,3.714400226218985
santa_maria,2024-01-13,3.602586375483015
santa_maria,2024-01-14,3.4449546979419123
santa_maria,2024-01-15,4.317054638612451
santa_maria,2024-01-16,3.9126194174521896
santa_maria,2024-01-17,3.2065948687572035
santa_maria,2024-01-18,2.5076509617675526
santa_maria,2024-01-19,3.189323587210912
santa_maria,2024-01-20,3.247202917226877
santa_maria,2024-01-21,3.3432427795074076
santa_maria,2024-01-22,3.8717899353976524
santa_maria,2024-01-23,2.5080311250486034
santa_maria,2024-01-24,2.510194445849953
santa_maria,2024-01-25,2.011546384567349
santa_maria,2024-01-26,3.0370378271755487
santa_maria,2024-01-27,2.9803888591841434
santa_maria,2024-01-28,2.5096525494216575
santa_maria,2024-01-29,2.7429317629832037
santa_maria,2024-01-30,2.1559693602187964
santa_maria,2024-01-31,2.8973244609663005
santa_maria,2024-02-01,2.893755637964965
santa_maria,2024-02-02,2.6862367712135757
santa_maria,2024-02-03,2.424881395648001
santa_maria,2024-02-04,2.4217744689345237
santa_maria,2024-02-05,2.9429005232752146
santa_maria,2024-02-06,2.8021252277086584
santa_maria,2024-02-07,2.8951784586350655
santa_maria,2024-02-08,2.3058892174773504
santa_maria,2024-02-09,3.132336568060747
santa_maria,2024-02-10,2.566460906480123
santa_maria,2024-02-11,2.4596626689471033
santa_maria,2024-02-12,2.618920999999891
santa_maria,2024-02-13,2.0237406075757596
santa_maria,2024-02-14,2.5745288628148884
santa_maria,2024-02-15,2.893755637964965
santa_maria,2024-02-16,3.0721435831342845
santa_maria,2024-02-17,2.672000259365857
santa_maria,2024-02-18,2.706781532664959
sao_sebastiao,2023-12-19,1.6698316311897146
sao_sebastiao,2023-12-20,1.754104210578117
sao_sebastiao,2023-12-21,1.6680235225916504
sao_sebastiao,2023-12-22,1.5962296128729025
sao_sebastiao,2023-12-23,1.6795229572344357
sao_sebastiao,2023-12-24,1.503345896595579
sao_sebastiao,2023-12-25,2.324611464255072
sao_sebastiao,2023-12-26,2.294384473754221
sao_sebastiao,2023-12-27,2.1723311546372046
sao_sebastiao,2023-12-28,1.7907598563290974
sao_sebastiao,2023-12-29,1.6308864739995919
sao_sebastiao,2023-12-30,1.5652814270250928
sao_sebastiao,2023-12-31,1.37035189652726
sao_sebastiao,2024-01-01,2.8025329512655865
sao_sebastiao,2024-01-02,2.682919192400886
sao_sebastiao,2024-01-03,2.4155837903694835
sao_sebastiao,2024-01-04,1.9533652322411832
sao_sebastiao,2024-01-05,2.3765831557478516
sao_sebastiao,2024-01-06,2.196918914108277
sao_sebastiao,2024-01-07,2.3227205251214764
sao_sebastiao,2024-01-08,2.757383498456656
sao_sebastiao,2024-01-09,3.035564456346687
sao_sebastiao,2024-01-10,3.377410034629839
sao_sebastiao,2024-01-11,3.499962819719945
sao_sebastiao,2024-01-12,4.829571036594536
sao_sebastiao,2024-01-13,4.090378085985228
sao_sebastiao,2024-01-14,3.9085666047880196
sao_sebastiao,2024-01-15,4.3235268470616495
sao_sebastiao,2024-01-16,2.040826740928525
sao_sebastiao,2024-01-17,3.0953072527329653
sao_sebastiao,2024-01-18,2.5710397546312587
sao_sebastiao,2024-01-19,3.763995467285699
sao_sebastiao,2024-01-20,3.9355587877590508
sao_sebastiao,2024-01-21,3.1350735132417444
sao_sebastiao,2024-01-22,4.084459263579646
sao_sebastiao,2024-01-23,4.5842770189327045
sao_sebastiao,2024-01-24,3.3172979591620133
sao_sebastiao,2024-01-25,3.223438317591621
sao_sebastiao,2024-01-26,3.0402968980928913
sao_sebastiao,2024-01-27,3.6386564713480363
sao_sebastiao,2024-01-28,2.4885208004603077
sao_sebastiao,2024-01-29,3.7421458975062487
sao_sebastiao,2024-01-30,3.7673243677471735
sao_sebastiao,2024-01-31,2.980274191559919
sao_sebastiao,2024-02-01,3.2366933348522813
sao_sebastiao,2024-02-02,3.8278061146699756
sao_sebastiao,2024-02-03,3.5850372471300993
sao_sebastiao,2024-02-04,3.144981081951381
sao_sebastiao,2024-02-05,4.078004128356169
sao_sebastiao,2024-02-06,2.9737063324733652
sao_sebastiao,2024-02-07,3.6464877194506014
sao_sebastiao,2024-02-08,2.6244369346456886
sao_sebastiao,2024-02-09,3.4669423135575586
sao_sebastiao,2024-02-10,3.357691979886823
sao_sebastiao,2024-02-11,2.8264126564105725
sao_sebastiao,2024-02-12,4.116421722376416
sao_sebastiao,2024-02-13,2.5590454182611615
sao_sebastiao,2024-02-14,2.7043845355865055
sao_sebastiao,2024-02-15,2.7456373915036507
sao_sebastiao,2024-02-16,3.354123629497764
sao_sebastiao,2024-02-17,3.1401835723893563
sao_sebastiao,2024-02-18,2.4363829343247527
scia,2023-12-09,1.310228871630312
scia,2023-12-10,1.3114955272553448
scia,2023-12-11,1.4684124769184654
scia,2023-12-12,1.2799057137486671
scia,2023-12-13,1.4067047316735024
scia,2023-12-14,1.3317532132438714
scia,2023-12-15,1.3532074023713536
scia,2023-12-16,1.3456751376695697
scia,2023-12-17,1.213356797832552
scia,2023-12-18,1.458998745577907
scia,2023-12-19,1.3713869496380926
scia,2023-12-20,1.3943633406099794
scia,2023-12-21,1.3317532132438714
scia,2023-12-22,1.3532074023713536
scia,2023-12-23,1.2616949807971367
scia,2023-12-24,1.213356797832552
scia,2023-12-25,1.458998745577907
scia,2023-12-26,1.3713869496380926
scia,2023-12-27,1.3943633406099794
scia,2023-12-28,1.3317532132438714
scia,2023-12-29,1.3532074023713536
scia,2023-12-30,1.3456751376695697
scia,2023-12-31,1.213356797832552
scia,2024-01-01,1.9265837519646438
scia,2024-01-02,1.5721551832656666
scia,2024-01-03,1.5722147652065561
scia,2024-01-04,1.520396187041493
scia,2024-01-05,1.907812175209353
scia,2024-01-06,1.906785453300359
scia,2024-01-07,1.7600067376128872
scia,2024-01-08,2.3569637384800513
scia,2024-01-09,2.105992036012718
scia,2024-01-10,2.010829362232714
scia,2024-01-11,2.340983540608161
scia,2024-01-12,2.348976137413397
scia,2024-01-13,2.2324552681948675
scia,2024-01-14,2.300110961357065
scia,2024-01-15,2.811163965441861
scia,2024-01-16,2.6407567538502748
scia,2024-01-17,2.9067279171679288
scia,2024-01-18,2.8805804650394906
scia,2024-01-19,3.3199022228780115
scia,2024-01-20,2.785994724162797
scia,2024-01-21,3.1077320964162443
scia,2024-01-22,2.801677576768233
scia,2024-01-23,1.5433015642715984
scia,2024-01-24,1.9232648636540512
scia,2024-01-25,2.115274638006187
scia,2024-01-26,2.693173539512366
scia,2024-01-27,2.5651173321120546
scia,2024-01-28,2.436804714103353
scia,2024-01-29,2.426437477790264
scia,2024-01-30,2.3217899728605333
scia,2024-01-31,2.4298930075807057
scia,2024-02-01,2.7078414153504125
scia,2024-02-02,2.9869026697244205
scia,2024-02-03,2.630393903455541
scia,2024-02-04,2.632174289816015
scia,2024-02-05,3.592269166129354
scia,2024-02-06,2.358280054588193
scia,2024-02-07,2.6590743145348594
scia,2024-02-08,2.2914647730124074
sia,2023-12-19,1.4526753560617836
sia,2023-12-20,1.4058042483189717
sia,2023-12-21,1.4361660625269201
sia,2023-12-22,1.27526521354104
sia,2023-12-23,1.4572886485805632
sia,2023-12-24,1.3883333044689243
sia,2023-12-25,1.458998745577907
sia,2023-12-26,1.4124431753398252
sia,2023-12-27,1.6306313482956183
sia,2023-12-28,1.4639468127902389
sia,2023-12-29,1.5898529934549859
sia,2023-12-30,1.6116000180103691
sia,2023-12-31,1.754547344276421
sia,2024-01-01,2.263393902884763
sia,2024-01-02,1.925326297080729
sia,2024-01-03,1.9449645759533554
sia,2024-01-04,1.9301348721984262
sia,2024-01-05,2.1711329089528166
sia,2024-01-06,2.1793524057887383
sia,2024-01-07,2.069314172009164
sia,2024-01-08,2.5928235308731384
sia,2024-01-09,2.4019433165433046
sia,2024-01-10,2.1910795702737365
sia,2024-01-11,2.3705455575878385
sia,2024-01-12,2.669709405611608
sia,2024-01-13,2.6928892505034834
sia,2024-01-14,2.8530702798641503
sia,2024-01-15,3.262876180349368
sia,2024-01-16,2.8064562043209573
sia,2024-01-17,2.729137979365788
sia,2024-01-18,2.6693638274047538
sia,2024-01-19,2.6105871252869015
sia,2024-01-20,2.5740182193448757
sia,2024-01-21,2.191498337465465
sia,2024-01-22,2.6339929307622305
sia,2024-01-23,2.1559693602187964
sia,2024-01-24,2.1374215584293785
sia,2024-01-25,2.0806813658693737
sia,2024-01-26,2.26711008662907
sia,2024-01-27,2.1520905412844704
sia,2024-01-28,2.337923155208387
sia,2024-01-29,2.426437477790264
sia,2024-01-30,2.2941962970135616
sia,2024-01-31,2.402299331733734
sia,2024-02-01,2.423769138137376
sia,2024-02-02,3.2025528354777895
sia,2024-02-03,2.658357507473655
sia,2024-02-04,2.632174289816015
sia,2024-02-05,3.592269166129354
sia,2024-02-06,2.358280054588193
sia,2024-02-07,2.6590743145348594
sia,2024-02-08,2.747504149822815
sia,2024-02-09,3.22121007964855
sia,2024-02-10,2.9700657818475973
sia,2024-02-11,2.5298441090420214
sia,2024-02-12,3.5512187073069326
sia,2024-02-13,2.638821489273765
sia,2024-02-14,1.9560487109133273
sia,2024-02-15,2.3004815610002036
sia,2024-02-16,2.8984030252582085
sia,2024-02-17,2.4993369098084215
sia,2024-02-18,2.560531029260552
sistema_penitenciario,2022-07-04,2.7343841653342382
sistema_penitenciario,2022-07-05,2.6396085512783776
sistema_penitenciario,2022-07-06,2.628322087349563
sistema_penitenciario,2022-07-07,2.3178594209067143
sistema_penitenciario,2022-07-08,2.6324331302068753
sistema_penitenciario,2022-07-09,3.3194466712164448
sistema_penitenciario,2022-07-10,1.9657960184785388
sistema_penitenciario,2022-07-11,3.1667817115587575
sistema_penitenciario,2022-07-12,2.1198493439365356
sistema_penitenciario,2022-07-13,2.4706301536257445
sistema_penitenciario,2022-07-14,2.304424757013803
sistema_penitenciario,2022-07-15,2.647264459774244
sistema_penitenciario,2022-07-16,2.1252050079632103
sistema_penitenciario,2022-07-17,1.9921097800227587
sistema_penitenciario,2022-07-18,2.515432810668265
sistema_penitenciario,2022-07-19,2.3941973994913264
sistema_penitenciario,2022-07-20,2.2482120616210226
sistema_penitenciario,2022-07-21,2.0435754010438854
sistema_penitenciario,2022-07-22,2.2413135692806248
sistema_penitenciario,2022-07-23,1.874851110346061
sistema_penitenciario,2022-07-24,1.835562773832896
sistema_penitenciario,2022-07-25,1.9640782550453442
sistema_penitenciario,2022-07-26,1.9782410204375453
sistema_penitenciario,2022-07-27,1.910705424824912
sistema_penitenciario,2022-07-28,1.841864173138772
sistema_penitenciario,2022-07-29,2.021988102256435
sistema_penitenciario,2022-07-30,1.5916438518563212
sistema_penitenciario,2022-07-31,1.7433746858831962
sistema_penitenciario,2022-08-01,1.9371869034045477
sistema_penitenciario,2022-08-02,1.8987268012688985
sistema_penitenciario,2022-08-03,2.07939522792869
sistema_penitenciario,2022-08-04,1.891770317032953
sistema_penitenciario,2022-08-05,1.9850068704835113
sistema_penitenciario,2022-08-06,1.7892132164231642
sistema_penitenciario,2022-08-07,1.7453381434870177
sistema_penitenciario,2022-08-08,2.076186085630217
sistema_penitenciario,2022-08-09,2.092141156430349
sistema_penitenciario,2022-08-10,2.511851063232825
sistema_penitenciario,2022-08-11,2.1557970403308833
sistema_penitenciario,2022-08-12,2.1777543088596643
sistema_penitenciario,2022-08-13,1.8875196638188163
sistema_penitenciario,2022-08-14,1.814397969723228
sistema_penitenciario,2022-08-15,2.570737405640823
sistema_penitenciario,2022-08-16,2.895956143860617
sistema_penitenciario,2022-08-17,2.7066456439252464
sistema_penitenciario,2022-08-18,2.7770993108162787
sistema_penitenciario,2022-08-19,2.8507800235079004
sistema_penitenciario,2022-08-20,2.290952025936023
sistema_penitenciario,2022-08-21,2.3857822200173318
sistema_penitenciario,2022-08-22,2.980813383871122
sistema_penitenciario,2022-08-23,2.667451417642773
sistema_penitenciario,2022-08-24,2.602452656060037
sistema_penitenciario,2022-08-25,2.666184077104264
sistema_penitenciario,2022-08-26,2.9859366593284222
sistema_penitenciario,2022-08-27,3.007527562254309
sistema_penitenciario,2022-08-28,1.8910291378880706
sistema_penitenciario,2022-08-29,3.065628240832374
sistema_penitenciario,2022-08-30,3.094339272001639
sistema_penitenciario,2022-08-31,3.158985677983943
sistema_penitenciario,2022-09-01,3.070735800545049
sistema_penitenciario,2022-09-02,4.463210488747522
sistema_penitenciario,2022-09-03,3.185300326901091
sobradinho,2023-12-19,2.2228544953075127
sobradinho,2023-12-20,2.092744780713078
sobradinho,2023-12-21,1.8502629598126024
sobradinho,2023-12-22,2.01021754119671
sobradinho,2023-12-23,1.6962743042946904
sobradinho,2023-12-24,1.5948662727452982
sobradinho,2023-12-25,2.218104076327467
sobradinho,2023-12-26,2.2899587013847116
sobradinho,2023-12-27,2.2627126810936913
sobradinho,2023-12-28,1.9355151580478924
sobradinho,2023-12-29,2.033039634322887
sobradinho,2023-12-30,2.1215640367406015
sobradinho,2023-12-31,1.3501627008825625
sobradinho,2024-01-01,2.6988746812380735
sobradinho,2024-01-02,2.5909994587718366
sobradinho,2024-01-03,2.553517373725813
sobradinho,2024-01-04,2.3358794519118398
sobradinho,2024-01-05,2.811285632337968
sobradinho,2024-01-06,2.8093015235169685
sobradinho,2024-01-07,2.392145687012102
sobradinho,2024-01-08,3.4492163759407743
sobradinho,2024-01-09,1.8858421070576246
sobradinho,2024-01-10,2.8973244609663005
sobradinho,2024-01-11,2.6693638274047538
sobradinho,2024-01-12,3.340218998383455
sobradinho,2024-01-13,3.10251662383709
sobradinho,2024-01-14,3.5204277603624488
sobradinho,2024-01-15,3.5931491479508755
sobradinho,2024-01-16,3.9272586528986992
sobradinho,2024-01-17,3.197231409073022
sobradinho,2024-01-18,2.5213641010606977
sobradinho,2024-01-19,3.668766946150476
sobradinho,2024-01-20,3.579284535944412
sobradinho,2024-01-21,3.1330775939678284
sobradinho,2024-01-22,3.8717899353976524
sobradinho,2024-01-23,3.14891695652583
sobradinho,2024-01-24,2.575547366084542
sobradinho,2024-01-25,2.4925089038297563
sobradinho,2024-01-26,3.7299874874459604
sobradinho,2024-01-27,3.4820403695654494
sobradinho,2024-01-28,3.025781409912404
sobradinho,2024-01-29,4.475234095615607
sobradinho,2024-01-30,3.809148526211778
sobradinho,2024-01-31,3.753840943497769
sobradinho,2024-02-01,3.3499407030612316
sobradinho,2024-02-02,3.4140123486773453
sobradinho,2024-02-03,4.0102958867698835
sobradinho,2024-02-04,2.966655453774328
sobradinho,2024-02-05,4.116966389465184
sobradinho,2024-02-06,2.9737063324733652
sobradinho,2024-02-07,2.705072864149213
sobradinho,2024-02-08,2.899143781651645
sobradinho,2024-02-09,3.4139056518737236
sobradinho,2024-02-10,3.3355728224860512
sobradinho,2024-02-11,2.7130377243570285
sobradinho,2024-02-12,3.648892980654029
sobradinho,2024-02-13,2.4668248399298345
sobradinho,2024-02-14,2.689353175729409
sobradinho,2024-02-15,2.6380544204827383
sobradinho,2024-02-16,3.3470343934563713
sobradinho,2024-02-17,2.99988899625042
sobradinho,2024-02-18,2.665765040797931
sobradinho_ii,2023-12-17,1.2322775944078677
sobradinho_ii,2023-12-18,1.7307675919903827
sobradinho_ii,2023-12-19,1.7529968433004812
sobradinho_ii,2023-12-20,1.7796977829718608
sobradinho_ii,2023-12-21,1.7153166187327051
sobradinho_ii,2023-12-22,1.8701619883337621
sobradinho_ii,2023-12-23,1.8550644100748572
sobradinho_ii,2023-12-24,1.6882303003692993
sobradinho_ii,2023-12-25,2.9421692393848096
sobradinho_ii,2023-12-26,2.5195129973026122
sobradinho_ii,2023-12-27,2.397989531872229
sobradinho_ii,2023-12-28,2.2750372707132795
sobradinho_ii,2023-12-29,2.4724877637575493
sobradinho_ii,2023-12-30,1.8527092461715748
sobradinho_ii,2023-12-31,1.759505194165158
sobradinho_ii,2024-01-01,2.907378850214165
sobradinho_ii,2024-01-02,2.048830691383085
sobradinho_ii,2024-01-03,2.4298930075807057
sobradinho_ii,2024-01-04,2.8924745904119207
sobradinho_ii,2024-01-05,3.071061079853853
sobradinho_ii,2024-01-06,3.374354514352152
sobradinho_ii,2024-01-07,3.398384661282629
sobradinho_ii,2024-01-08,3.324247629340953
sobradinho_ii,2024-01-09,4.174470245334151
sobradinho_ii,2024-01-10,4.5520965722612745
sobradinho_ii,2024-01-11,2.7618139872956617
sobradinho_ii,2024-01-12,3.1784312150823224
sobradinho_ii,2024-01-13,4.218823624033394
sobradinho_ii,2024-01-14,2.273877969454765
sobradinho_ii,2024-01-15,3.8518717862547374
sobradinho_ii,2024-01-16,4.182127691654247
sobradinho_ii,2024-01-17,3.1930517443758113
sobradinho_ii,2024-01-18,3.13673796313948
sobradinho_ii,2024-01-19,3.722043339425242
sobradinho_ii,2024-01-20,3.8664251027115357
sobradinho_ii,2024-01-21,3.3550018315547154
sobradinho_ii,2024-01-22,3.734053642254884
sobradinho_ii,2024-01-23,2.6369581632335315
sobradinho_ii,2024-01-24,3.6165596818672485
sobradinho_ii,2024-01-25,2.243926747325397
sobradinho_ii,2024-01-26,3.6464976113880714
sobradinho_ii,2024-01-27,3.499634237838751
sobradinho_ii,2024-01-28,3.5553350757812328
sobradinho_ii,2024-01-29,4.73773695638531
sobradinho_ii,2024-01-30,3.6372505447052856
sobradinho_ii,2024-01-31,3.0925280667368926
sobradinho_ii,2024-02-01,3.6986835684074215
sobradinho_ii,2024-02-02,3.458369255646417
sobradinho_ii,2024-02-03,3.099951526854893
sobradinho_ii,2024-02-04,3.0087597001055912
sobradinho_ii,2024-02-05,3.8834923227174656
sobradinho_ii,2024-02-06,3.0471174980648126
sobradinho_ii,2024-02-07,2.7822054683058233
sobradinho_ii,2024-02-08,2.7438099727768646
sobradinho_ii,2024-02-09,3.354123629497764
sobradinho_ii,2024-02-10,3.110204184702831
sobradinho_ii,2024-02-11,2.7130377243570285
sobradinho_ii,2024-02-12,3.648892980654029
sobradinho_ii,2024-02-13,1.9158760431868718
sobradinho_ii,2024-02-14,2.418581553330529
sobradinho_ii,2024-02-15,2.4603086512961747
sobradinho_ii,2024-02-16,3.3613819283955135
sudoeste_octogonal,2023-12-19,2.5903190040991504
sudoeste_octogonal,2023-12-20,2.496609322717927
sudoeste_octogonal,2023-12-21,2.3594114027025657
sudoeste_octogonal,2023-12-22,2.4029675245966344
sudoeste_octogonal,2023-12-23,2.1527744376864004
sudoeste_octogonal,2023-12-24,2.021343371784144
sudoeste_octogonal,2023-12-25,3.300788009653474
sudoeste_octogonal,2023-12-26,3.0295276165304146
sudoeste_octogonal,2023-12-27,3.088078787227412
sudoeste_octogonal,2023-12-28,2.6584189173715336
sudoeste_octogonal,2023-12-29,2.8805027090922692
sudoeste_octogonal,2023-12-30,3.982618392420031
sudoeste_octogonal,2023-12-31,3.127195270412556
sudoeste_octogonal,2024-01-01,4.652346084120428
sudoeste_octogonal,2024-01-02,3.7519635663334316
sudoeste_octogonal,2024-01-03,3.0606453276889565
sudoeste_octogonal,2024-01-04,3.2866704560335016
sudoeste_octogonal,2024-01-05,4.144776265153223
sudoeste_octogonal,2024-01-06,2.900594328594069
sudoeste_octogonal,2024-01-07,3.311845452090874
sudoeste_octogonal,2024-01-08,3.7654354886051133
sudoeste_octogonal,2024-01-09,2.578408891262328
sudoeste_octogonal,2024-01-10,3.3231925108327967
sudoeste_octogonal,2024-01-11,2.9241279376187133
sudoeste_octogonal,2024-01-12,3.703369784251487
sudoeste_octogonal,2024-01-13,3.5074823969064033
sudoeste_octogonal,2024-01-14,2.9881890191200027
sudoeste_octogonal,2024-01-15,3.9102075294179004
sudoeste_octogonal,2024-01-16,2.431123817341101
sudoeste_octogonal,2024-01-17,3.6711490570284355
sudoeste_octogonal,2024-01-18,3.2865711566338764
sudoeste_octogonal,2024-01-19,3.566343949315182
sudoeste_octogonal,2024-01-20,3.499634237838751
sudoeste_octogonal,2024-01-21,3.116047078929684
sudoeste_octogonal,2024-01-22,4.460598075177704
sudoeste_octogonal,2024-01-23,3.858095955553221
sudoeste_octogonal,2024-01-24,3.0355000472661895
sudoeste_octogonal,2024-01-25,2.467683463714023
sudoeste_octogonal,2024-01-26,3.632504857342532
sudoeste_octogonal,2024-01-27,3.8591486100065304
sudoeste_octogonal,2024-01-28,2.825438200003035
sudoeste_octogonal,2024-01-29,4.046041669559401
sudoeste_octogonal,2024-01-30,3.3082728534080816
sudoeste_octogonal,2024-01-31,3.0961654289900755
sudoeste_octogonal,2024-02-01,3.5345786698570056
sudoeste_octogonal,2024-02-02,3.8627672656017142
sudoeste_octogonal,2024-02-03,3.1326391912347367
sudoeste_octogonal,2024-02-04,3.231530356307791
sudoeste_octogonal,2024-02-05,4.907171879657179
sudoeste_octogonal,2024-02-06,2.9699632012587442
sudoeste_octogonal,2024-02-07,2.795772718257891
sudoeste_octogonal,2024-02-08,2.8423787795172784
sudoeste_octogonal,2024-02-09,4.066110796887304
sudoeste_octogonal,2024-02-10,2.9886040662753954
sudoeste_octogonal,2024-02-11,2.9305868543545794
sudoeste_octogonal,2024-02-12,4.133139104805727
sudoeste_octogonal,2024-02-13,3.2905606949166453
sudoeste_octogonal,2024-02-14,2.793808004021854
sudoeste_octogonal,2024-02-15,2.831489751939164
sudoeste_octogonal,2024-02-16,3.4513162351289517
sudoeste_octogonal,2024-02-17,3.1401835723893563
sudoeste_octogonal,2024-02-18,2.8733351529835196
taguatinga,2023-12-19,2.506426604122511
taguatinga,2023-12-20,2.711581400063207
taguatinga,2023-12-21,2.7229273793695947
taguatinga,2023-12-22,2.215211487266211
taguatinga,2023-12-23,2.107981729049758
taguatinga,2023-12-24,2.0993608004711892
taguatinga,2023-12-25,3.4876069432583794
taguatinga,2023-12-26,2.9972444910283533
taguatinga,2023-12-27,3.1687682722904267
taguatinga,2023-12-28,3.320493238955167
taguatinga,2023-12-29,2.9767893034220982
taguatinga,2023-12-30,3.391636895586234
taguatinga,2023-12-31,2.145452996109386
taguatinga,2024-01-01,4.47086948385104
taguatinga,2024-01-02,3.957971870391471
taguatinga,2024-01-03,3.7888936334730823
taguatinga,2024-01-04,2.8299024641876565
taguatinga,2024-01-05,4.538448726099089
taguatinga,2024-01-06,3.8815596919192563
taguatinga,2024-01-07,3.4313750339135933
taguatinga,2024-01-08,3.37660169155377
taguatinga,2024-01-09,2.8043809192711104
taguatinga,2024-01-10,2.812291058349507
taguatinga,2024-01-11,2.913230752977788
taguatinga,2024-01-12,3.67418257312642
taguatinga,2024-01-13,3.096019882157434
taguatinga,2024-01-14,2.830304766152738
taguatinga,2024-01-15,4.652346084120428
taguatinga,2024-01-16,2.845625914821882
taguatinga,2024-01-17,3.622716076040669
taguatinga,2024-01-18,2.2860115801301535
taguatinga,2024-01-19,3.7058700329168732
taguatinga,2024-01-20,3.658536418547668
taguatinga,2024-01-21,2.935648438735398
taguatinga,2024-01-22,4.53278817682994
taguatinga,2024-01-23,4.427636675234265
taguatinga,2024-01-24,3.0925280667368926
taguatinga,2024-01-25,3.987582943276868
taguatinga,2024-01-26,2.8661642963068443
taguatinga,2024-01-27,3.1753239877972854
taguatinga,2024-01-28,2.750678134824807
taguatinga,2024-01-29,3.241326419201115
taguatinga,2024-01-30,2.686116725087558
taguatinga,2024-01-31,2.4736372275968224
taguatinga,2024-02-01,2.76332111172838
taguatinga,2024-02-02,3.689364412136197
taguatinga,2024-02-03,2.7818873663232995
taguatinga,2024-02-04,2.6044513518909653
taguatinga,2024-02-05,3.3459437561476006
taguatinga,2024-02-06,2.234806734122681
taguatinga,2024-02-07,2.759354815119758
taguatinga,2024-02-08,2.2914647730124074
taguatinga,2024-02-09,3.3289524923869567
taguatinga,2024-02-10,2.383275039737685
taguatinga,2024-02-11,2.1746556052166675
taguatinga,2024-02-12,3.511362292766509
taguatinga,2024-02-13,3.051752271946127
taguatinga,2024-02-14,3.0380005279504583
taguatinga,2024-02-15,3.1994114292944418
taguatinga,2024-02-16,3.3470343934563713
taguatinga,2024-02-17,3.2784120509348647
taguatinga,2024-02-18,3.1785920443158076
varjao,2023-12-15,1.27526521354104
varjao,2023-12-16,1.19663562050002
varjao,2023-12-17,1.1482974375354347
varjao,2023-12-18,1.4684124769184654
varjao,2023-12-19,1.2799057137486671
varjao,2023-12-20,1.3164211517796658
varjao,2023-12-21,1.3317532132438714
varjao,2023-12-22,1.4379732447766458
varjao,2023-12-23,1.2616949807971367
varjao,2023-12-24,1.2973369547049844
varjao,2023-12-25,1.5598937128078911
varjao,2023-12-26,1.621069541696956
varjao,2023-12-27,1.6621004305258311
varjao,2023-12-28,1.548712655195531
varjao,2023-12-29,1.4832406733844408
varjao,2023-12-30,1.3027512064988707
varjao,2023-12-31,1.2544130235342859
varjao,2024-01-01,1.9821167786953893
varjao,2024-01-02,1.759092304751385
varjao,2024-01-03,1.7601205368504458
varjao,2024-01-04,1.7034114956827904
varjao,2024-01-05,1.907812175209353
varjao,2024-01-06,2.0761175576202273
varjao,2024-01-07,1.7600067376128872
varjao,2024-01-08,2.3838173591454312
varjao,2024-01-09,1.902726327512542
varjao,2024-01-10,2.010829362232714
varjao,2024-01-11,2.132625157666768
varjao,2024-01-12,2.348976137413397
varjao,2024-01-13,2.9018965126063696
varjao,2024-01-14,2.312330709310264
varjao,2024-01-15,2.886093042675411
varjao,2024-01-16,2.6407567538502748
varjao,2024-01-17,2.9067279171679288
varjao,2024-01-18,3.499962819719945
varjao,2024-01-19,3.022801458469557
varjao,2024-01-20,2.8788410576234886
varjao,2024-01-21,3.62748716085263
varjao,2024-01-22,3.2999206301269672
varjao,2024-01-23,2.497047512565007
varjao,2024-01-24,2.941609258253775
varjao,2024-01-25,2.8545073249111015
varjao,2024-01-26,3.132494001073616
varjao,2024-01-27,2.9803888591841434
varjao,2024-01-28,2.7113445888136622
varjao,2024-01-29,4.259768425701537
varjao,2024-01-30,3.185683560866998
varjao,2024-01-31,2.4736372275968224
varjao,2024-02-01,2.9975729397952118
varjao,2024-02-02,3.6406567415274638
varjao,2024-02-03,3.172979469731024
varjao,2024-02-04,2.905891193080372
varjao,2024-02-05,4.596990957649629
varjao,2024-02-06,3.531323248011543
varjao,2024-02-07,3.4971504568076055
varjao,2024-02-08,2.8523199086052946
varjao,2024-02-09,3.610762681398792
varjao,2024-02-10,3.0077330629364063
varjao,2024-02-11,2.9305868543545794
varjao,2024-02-12,4.0212286158602355
varjao,2024-02-13,2.939444765112492
varjao,2024-02-14,2.7822054683058233
vicente_pires,2023-12-14,1.7841341481799726
vicente_pires,2023-12-15,1.9981899484291934
vicente_pires,2023-12-16,1.8942482643933805
vicente_pires,2023-12-17,1.6855150727291586
vicente_pires,2023-12-18,2.810469575545024
vicente_pires,2023-12-19,2.2401413589435974
vicente_pires,2023-12-20,2.069231607113374
vicente_pires,2023-12-21,2.010556815226013
vicente_pires,2023-12-22,2.21868129630432
vicente_pires,2023-12-23,2.0111196402697247
vicente_pires,2023-12-24,1.842146499840537
vicente_pires,2023-12-25,3.22930534353726
vicente_pires,2023-12-26,2.7793615190883387
vicente_pires,2023-12-27,2.3137295297102742
vicente_pires,2023-12-28,1.9393208350856666
vicente_pires,2023-12-29,2.012510190017043
vicente_pires,2023-12-30,1.9069870342974253
vicente_pires,2023-12-31,1.9335939679245127
vicente_pires,2024-01-01,2.907378850214165
vicente_pires,2024-01-02,2.6234628693952393
vicente_pires,2024-01-03,3.3156706333087564
vicente_pires,2024-01-04,3.0098061257510333
vicente_pires,2024-01-05,3.8124594760300106
vicente_pires,2024-01-06,3.7558062657953677
vicente_pires,2024-01-07,3.4145897443425275
vicente_pires,2024-01-08,5.362256184388048
vicente_pires,2024-01-09,4.038837919116015
vicente_pires,2024-01-10,3.1830320558915384
vicente_pires,2024-01-11,2.187159479765543
vicente_pires,2024-01-12,3.453506408014034
vicente_pires,2024-01-13,3.5992668657630023
vicente_pires,2024-01-14,2.827787228526832
vicente_pires,2024-01-15,4.430193469593488
vicente_pires,2024-01-16,3.3082728534080816
vicente_pires,2024-01-17,3.7727539802021366
vicente_pires,2024-01-18,3.5414950864854076
vicente_pires,2024-01-19,2.785476363944137
vicente_pires,2024-01-20,3.968354076805769
vicente_pires,2024-01-21,2.378310561727945
vicente_pires,2024-01-22,4.889333916512217
vicente_pires,2024-01-23,4.671199510921947
vicente_pires,2024-01-24,2.915695695179697
vicente_pires,2024-01-25,2.962978862303653
vicente_pires,2024-01-26,3.729479633829216
vicente_pires,2024-01-27,3.892305077557785
vicente_pires,2024-01-28,3.4292150369361174
vicente_pires,2024-01-29,3.5341158920739204
vicente_pires,2024-01-30,2.786568939186498
vicente_pires,2024-01-31,2.575547366084542
vicente_pires,2024-02-01,2.7833894932194867
vicente_pires,2024-02-02,3.4513162351289517
vicente_pires,2024-02-03,3.2772669052103884
vicente_pires,2024-02-04,3.063241632811408
vicente_pires,2024-02-05,3.0603329206081034
vicente_pires,2024-02-06,1.9982275821393245
vicente_pires,2024-02-07,2.1710821497359523
vicente_pires,2024-02-08,2.336138614993924
vicente_pires,2024-02-09,2.821541567307932
vicente_pires,2024-02-10,2.424881395648001
vicente_pires,2024-02-11,2.5524249613747414
vicente_pires,2024-02-12,3.482469659669405
vicente_pires,2024-02-13,2.8021252277086584
