unique_id,ds,XGBRegressor
aguas_claras,2023-12-19,2.8636935
aguas_claras,2023-12-20,2.5125327
aguas_claras,2023-12-21,2.5159981
aguas_claras,2023-12-22,2.6906884
aguas_claras,2023-12-23,2.339499
aguas_claras,2023-12-24,2.6240377
aguas_claras,2023-12-25,3.3553658
aguas_claras,2023-12-26,3.0139956
aguas_claras,2023-12-27,3.081961
aguas_claras,2023-12-28,2.805852
aguas_claras,2023-12-29,2.9917083
aguas_claras,2023-12-30,2.8872619
aguas_claras,2023-12-31,2.506105
aguas_claras,2024-01-01,3.9851878
aguas_claras,2024-01-02,3.3841732
aguas_claras,2024-01-03,3.2564979
aguas_claras,2024-01-04,3.3514662
aguas_claras,2024-01-05,4.179164
aguas_claras,2024-01-06,3.8761458
aguas_claras,2024-01-07,3.7467842
aguas_claras,2024-01-08,5.4283733
aguas_claras,2024-01-09,4.5765696
aguas_claras,2024-01-10,4.32734
aguas_claras,2024-01-11,4.1466346
aguas_claras,2024-01-12,5.4589763
aguas_claras,2024-01-13,4.3353724
aguas_claras,2024-01-14,4.139825
aguas_claras,2024-01-15,6.6606283
aguas_claras,2024-01-16,6.339659
aguas_claras,2024-01-17,6.355411
aguas_claras,2024-01-18,6.0224376
aguas_claras,2024-01-19,6.828486
aguas_claras,2024-01-20,6.2825537
aguas_claras,2024-01-21,5.6017056
aguas_claras,2024-01-22,8.13054
aguas_claras,2024-01-23,7.473793
aguas_claras,2024-01-24,7.2081637
aguas_claras,2024-01-25,6.683819
aguas_claras,2024-01-26,7.3944597
aguas_claras,2024-01-27,6.526161
aguas_claras,2024-01-28,5.7636814
aguas_claras,2024-01-29,8.322241
aguas_claras,2024-01-30,7.5449533
aguas_claras,2024-01-31,7.053269
aguas_claras,2024-02-01,6.0485225
aguas_claras,2024-02-02,6.8571725
aguas_claras,2024-02-03,5.7657228
aguas_claras,2024-02-04,4.707918
aguas_claras,2024-02-05,7.30679
aguas_claras,2024-02-06,6.331383
aguas_claras,2024-02-07,6.072469
aguas_claras,2024-02-08,5.49877
aguas_claras,2024-02-09,6.1724153
aguas_claras,2024-02-10,5.4092155
aguas_claras,2024-02-11,4.5154333
aguas_claras,2024-02-12,6.9191113
aguas_claras,2024-02-13,5.8347836
aguas_claras,2024-02-14,5.5390387
aguas_claras,2024-02-15,5.1473594
aguas_claras,2024-02-16,5.9985604
aguas_claras,2024-02-17,5.1476307
aguas_claras,2024-02-18,4.455877
arniqueira,2023-12-02,1.4223702
arniqueira,2023-12-03,1.3108957
arniqueira,2023-12-04,1.7546253
arniqueira,2023-12-05,1.5521976
arniqueira,2023-12-06,1.628356
arniqueira,2023-12-07,1.4501114
arniqueira,2023-12-08,1.6668078
arniqueira,2023-12-09,1.5012121
arniqueira,2023-12-10,1.36724
arniqueira,2023-12-11,1.7979441
arniqueira,2023-12-12,1.6527971
arniqueira,2023-12-13,1.7576637
arniqueira,2023-12-14,1.565815
arniqueira,2023-12-15,1.7545174
arniqueira,2023-12-16,1.5889215
arniqueira,2023-12-17,1.4549493
arniqueira,2023-12-18,1.8992568
arniqueira,2023-12-19,1.7541107
arniqueira,2023-12-20,1.7576637
arniqueira,2023-12-21,1.565815
arniqueira,2023-12-22,1.7545174
arniqueira,2023-12-23,1.5889215
arniqueira,2023-12-24,1.4549493
arniqueira,2023-12-25,1.8992568
arniqueira,2023-12-26,1.7541107
arniqueira,2023-12-27,1.7576637
arniqueira,2023-12-28,1.565815
arniqueira,2023-12-29,1.7545174
arniqueira,2023-12-30,1.5889215
arniqueira,2023-12-31,1.4549493
arniqueira,2024-01-01,2.3164282
arniqueira,2024-01-02,2.080059
arniqueira,2024-01-03,1.9160788
arniqueira,2024-01-04,1.347696
arniqueira,2024-01-05,2.0053914
arniqueira,2024-01-06,1.8530426
arniqueira,2024-01-07,1.6965529
arniqueira,2024-01-08,2.6002617
arniqueira,2024-01-09,2.3050435
arniqueira,2024-01-10,1.9160788
arniqueira,2024-01-11,1.347696
arniqueira,2024-01-12,2.2303736
arniqueira,2024-01-13,1.8530426
arniqueira,2024-01-14,1.6965529
arniqueira,2024-01-15,2.610095
arniqueira,2024-01-16,1.979638
arniqueira,2024-01-17,1.8146691
arniqueira,2024-01-18,1.347696
arniqueira,2024-01-19,2.063087
arniqueira,2024-01-20,1.8530426
arniqueira,2024-01-21,1.6965529
arniqueira,2024-01-22,2.610095
arniqueira,2024-01-23,1.9219407
arniqueira,2024-01-24,1.8146691
arniqueira,2024-01-25,1.347696
arniqueira,2024-01-26,2.063087
arniqueira,2024-01-27,1.8530426
arniqueira,2024-01-28,1.6965529
arniqueira,2024-01-29,2.610095
arniqueira,2024-01-30,2.080059
arniqueira,2024-01-31,1.9160788
arniqueira,2024-02-01,1.3401428
brazlandia,2023-12-18,1.7739825
brazlandia,2023-12-19,1.5521976
brazlandia,2023-12-20,1.5627456
brazlandia,2023-12-21,1.384501
brazlandia,2023-12-22,1.6388136
brazlandia,2023-12-23,1.473218
brazlandia,2023-12-24,1.36724
brazlandia,2023-12-25,1.7979441
brazlandia,2023-12-26,1.6527971
brazlandia,2023-12-27,1.6563499
brazlandia,2023-12-28,1.4781055
brazlandia,2023-12-29,1.7545174
brazlandia,2023-12-30,1.5889215
brazlandia,2023-12-31,1.4549493
brazlandia,2024-01-01,2.3164282
brazlandia,2024-01-02,2.0212107
brazlandia,2024-01-03,1.9160788
brazlandia,2024-01-04,1.347696
brazlandia,2024-01-05,2.0053914
brazlandia,2024-01-06,1.8530426
brazlandia,2024-01-07,1.6965529
brazlandia,2024-01-08,2.6002617
brazlandia,2024-01-09,2.3050435
brazlandia,2024-01-10,1.9160788
brazlandia,2024-01-11,1.347696
brazlandia,2024-01-12,2.2303736
brazlandia,2024-01-13,1.8530426
brazlandia,2024-01-14,1.6965529
brazlandia,2024-01-15,2.610095
brazlandia,2024-01-16,1.979638
brazlandia,2024-01-17,1.8146691
brazlandia,2024-01-18,1.347696
brazlandia,2024-01-19,2.063087
brazlandia,2024-01-20,1.8530426
brazlandia,2024-01-21,1.6965529
brazlandia,2024-01-22,2.610095
brazlandia,2024-01-23,1.9219407
brazlandia,2024-01-24,1.8146691
brazlandia,2024-01-25,1.347696
brazlandia,2024-01-26,2.063087
brazlandia,2024-01-27,1.8530426
brazlandia,2024-01-28,1.6965529
brazlandia,2024-01-29,2.610095
brazlandia,2024-01-30,2.080059
brazlandia,2024-01-31,1.9160788
brazlandia,2024-02-01,1.3401428
brazlandia,2024-02-02,2.0047736
brazlandia,2024-02-03,1.8194163
brazlandia,2024-02-04,1.6218796
brazlandia,2024-02-05,2.085353
brazlandia,2024-02-06,1.879487
brazlandia,2024-02-07,1.6239187
brazlandia,2024-02-08,1.3401428
brazlandia,2024-02-09,2.0047736
brazlandia,2024-02-10,1.8194163
brazlandia,2024-02-11,1.6218796
brazlandia,2024-02-12,2.085353
brazlandia,2024-02-13,1.8519294
brazlandia,2024-02-14,1.6239187
brazlandia,2024-02-15,1.3401428
brazlandia,2024-02-16,2.0047736
brazlandia,2024-02-17,1.8194163
candangolandia,2023-12-08,1.8064396
candangolandia,2023-12-09,1.4223702
candangolandia,2023-12-10,1.3619707
candangolandia,2023-12-11,1.8253754
candangolandia,2023-12-12,1.6869217
candangolandia,2023-12-13,1.6563499
candangolandia,2023-12-14,1.4781055
candangolandia,2023-12-15,1.7607528
candangolandia,2023-12-16,1.5889215
candangolandia,2023-12-17,1.4549493
candangolandia,2023-12-18,1.8992568
candangolandia,2023-12-19,1.8277593
candangolandia,2023-12-20,1.7576637
candangolandia,2023-12-21,1.565815
candangolandia,2023-12-22,1.7545174
candangolandia,2023-12-23,1.5889215
candangolandia,2023-12-24,1.4549493
candangolandia,2023-12-25,1.8992568
candangolandia,2023-12-26,1.7541107
candangolandia,2023-12-27,1.7576637
candangolandia,2023-12-28,1.565815
candangolandia,2023-12-29,1.7545174
candangolandia,2023-12-30,1.5889215
candangolandia,2023-12-31,1.4549493
candangolandia,2024-01-01,2.3164282
candangolandia,2024-01-02,2.080059
candangolandia,2024-01-03,1.9160788
candangolandia,2024-01-04,1.347696
candangolandia,2024-01-05,2.0053914
candangolandia,2024-01-06,1.8530426
candangolandia,2024-01-07,1.6965529
candangolandia,2024-01-08,2.6002617
candangolandia,2024-01-09,2.3050435
candangolandia,2024-01-10,1.9160788
candangolandia,2024-01-11,1.347696
candangolandia,2024-01-12,2.2303736
candangolandia,2024-01-13,1.8530426
candangolandia,2024-01-14,1.6965529
candangolandia,2024-01-15,2.610095
candangolandia,2024-01-16,1.979638
candangolandia,2024-01-17,1.8146691
candangolandia,2024-01-18,1.347696
candangolandia,2024-01-19,2.063087
candangolandia,2024-01-20,1.8530426
candangolandia,2024-01-21,1.6965529
candangolandia,2024-01-22,2.610095
candangolandia,2024-01-23,1.9219407
candangolandia,2024-01-24,1.8146691
candangolandia,2024-01-25,1.347696
candangolandia,2024-01-26,2.063087
candangolandia,2024-01-27,1.8530426
candangolandia,2024-01-28,1.6965529
candangolandia,2024-01-29,2.610095
candangolandia,2024-01-30,2.080059
candangolandia,2024-01-31,1.9160788
candangolandia,2024-02-01,1.3401428
candangolandia,2024-02-02,2.0047736
candangolandia,2024-02-03,1.8194163
candangolandia,2024-02-04,1.6218796
candangolandia,2024-02-05,2.085353
candangolandia,2024-02-06,1.879487
candangolandia,2024-02-07,1.6239187
ceilandia,2023-12-19,2.2565503
ceilandia,2023-12-20,1.7464358
ceilandia,2023-12-21,1.4844738
ceilandia,2023-12-22,1.6668078
ceilandia,2023-12-23,1.6230458
ceilandia,2023-12-24,1.3734753
ceilandia,2023-12-25,1.8992568
ceilandia,2023-12-26,1.8749515
ceilandia,2023-12-27,1.7576637
ceilandia,2023-12-28,1.565815
ceilandia,2023-12-29,1.7545174
ceilandia,2023-12-30,1.5889215
ceilandia,2023-12-31,1.4549493
ceilandia,2024-01-01,2.3164282
ceilandia,2024-01-02,1.9219407
ceilandia,2024-01-03,1.8146691
ceilandia,2024-01-04,1.347696
ceilandia,2024-01-05,2.0053914
ceilandia,2024-01-06,1.8530426
ceilandia,2024-01-07,1.6965529
ceilandia,2024-01-08,2.6002617
ceilandia,2024-01-09,2.080059
ceilandia,2024-01-10,1.9160788
ceilandia,2024-01-11,1.347696
ceilandia,2024-01-12,2.2303736
ceilandia,2024-01-13,1.8530426
ceilandia,2024-01-14,1.6965529
ceilandia,2024-01-15,2.610095
ceilandia,2024-01-16,2.3050435
ceilandia,2024-01-17,1.9160788
ceilandia,2024-01-18,1.347696
ceilandia,2024-01-19,2.063087
ceilandia,2024-01-20,1.8530426
ceilandia,2024-01-21,1.6965529
ceilandia,2024-01-22,2.610095
ceilandia,2024-01-23,1.979638
ceilandia,2024-01-24,1.8146691
ceilandia,2024-01-25,1.347696
ceilandia,2024-01-26,2.063087
ceilandia,2024-01-27,1.8530426
ceilandia,2024-01-28,1.6965529
ceilandia,2024-01-29,2.610095
ceilandia,2024-01-30,1.9219407
ceilandia,2024-01-31,1.8146691
ceilandia,2024-02-01,1.3401428
ceilandia,2024-02-02,2.0047736
ceilandia,2024-02-03,1.8194163
ceilandia,2024-02-04,1.6218796
ceilandia,2024-02-05,2.085353
ceilandia,2024-02-06,1.8453631
ceilandia,2024-02-07,1.6239187
ceilandia,2024-02-08,1.3401428
ceilandia,2024-02-09,2.0047736
ceilandia,2024-02-10,1.8194163
ceilandia,2024-02-11,1.6218796
ceilandia,2024-02-12,2.085353
ceilandia,2024-02-13,1.8453631
ceilandia,2024-02-14,1.6239187
ceilandia,2024-02-15,1.3401428
ceilandia,2024-02-16,2.0047736
ceilandia,2024-02-17,1.8194163
ceilandia,2024-02-18,1.6218796
cruzeiro,2023-12-15,1.6388136
cruzeiro,2023-12-16,1.473218
cruzeiro,2023-12-17,1.36724
cruzeiro,2023-12-18,1.8320682
cruzeiro,2023-12-19,1.6527971
cruzeiro,2023-12-20,1.6904743
cruzeiro,2023-12-21,1.4781055
cruzeiro,2023-12-22,1.7545174
cruzeiro,2023-12-23,1.5889215
cruzeiro,2023-12-24,1.4549493
cruzeiro,2023-12-25,1.975894
cruzeiro,2023-12-26,1.7541107
cruzeiro,2023-12-27,1.7576637
cruzeiro,2023-12-28,1.565815
cruzeiro,2023-12-29,1.7545174
cruzeiro,2023-12-30,1.5889215
cruzeiro,2023-12-31,1.4549493
cruzeiro,2024-01-01,2.3164282
cruzeiro,2024-01-02,2.080059
cruzeiro,2024-01-03,1.9160788
cruzeiro,2024-01-04,1.347696
cruzeiro,2024-01-05,2.0053914
cruzeiro,2024-01-06,1.8530426
cruzeiro,2024-01-07,1.6965529
cruzeiro,2024-01-08,2.6002617
cruzeiro,2024-01-09,2.3050435
cruzeiro,2024-01-10,1.9160788
cruzeiro,2024-01-11,1.347696
cruzeiro,2024-01-12,2.2303736
cruzeiro,2024-01-13,1.8530426
cruzeiro,2024-01-14,1.6965529
cruzeiro,2024-01-15,2.610095
cruzeiro,2024-01-16,1.979638
cruzeiro,2024-01-17,1.8146691
cruzeiro,2024-01-18,1.347696
cruzeiro,2024-01-19,2.063087
cruzeiro,2024-01-20,1.8530426
cruzeiro,2024-01-21,1.6965529
cruzeiro,2024-01-22,2.610095
cruzeiro,2024-01-23,1.9219407
cruzeiro,2024-01-24,1.8146691
cruzeiro,2024-01-25,1.347696
cruzeiro,2024-01-26,2.063087
cruzeiro,2024-01-27,1.8530426
cruzeiro,2024-01-28,1.6965529
cruzeiro,2024-01-29,2.610095
cruzeiro,2024-01-30,2.080059
cruzeiro,2024-01-31,1.9160788
cruzeiro,2024-02-01,1.3401428
cruzeiro,2024-02-02,2.0047736
cruzeiro,2024-02-03,1.8194163
cruzeiro,2024-02-04,1.6218796
cruzeiro,2024-02-05,2.085353
cruzeiro,2024-02-06,1.879487
cruzeiro,2024-02-07,1.6239187
cruzeiro,2024-02-08,1.3401428
cruzeiro,2024-02-09,2.0047736
cruzeiro,2024-02-10,1.8194163
cruzeiro,2024-02-11,1.6218796
cruzeiro,2024-02-12,2.085353
cruzeiro,2024-02-13,1.8519294
cruzeiro,2024-02-14,1.6239187
fercal,2023-11-20,1.9418898
fercal,2023-11-21,1.805056
fercal,2023-11-22,1.7426969
fercal,2023-11-23,1.5680044
fercal,2023-11-24,1.7847008
fercal,2023-11-25,1.544925
fercal,2023-11-26,1.4986621
fercal,2023-11-27,2.143801
fercal,2023-11-28,2.1597724
fercal,2023-11-29,2.09787
fercal,2023-11-30,1.8266448
fercal,2023-12-01,1.7833537
fercal,2023-12-02,1.6177577
fercal,2023-12-03,1.5206605
fercal,2023-12-04,1.9922282
fercal,2023-12-05,1.8470836
fercal,2023-12-06,1.8506365
fercal,2023-12-07,1.6073418
fercal,2023-12-08,1.7833537
fercal,2023-12-09,1.6177577
fercal,2023-12-10,1.47054
fercal,2023-12-11,2.0347414
fercal,2023-12-12,1.9871297
fercal,2023-12-13,1.816512
fercal,2023-12-14,1.6073418
fercal,2023-12-15,1.7833537
fercal,2023-12-16,1.6177577
fercal,2023-12-17,1.47054
fercal,2023-12-18,1.9922282
fercal,2023-12-19,1.8129592
fercal,2023-12-20,1.816512
fercal,2023-12-21,1.6073418
fercal,2023-12-22,1.7833537
fercal,2023-12-23,1.6177577
fercal,2023-12-24,1.47054
fercal,2023-12-25,2.0347414
fercal,2023-12-26,1.9069159
fercal,2023-12-27,1.816512
fercal,2023-12-28,1.6073418
fercal,2023-12-29,1.7833537
fercal,2023-12-30,1.6177577
fercal,2023-12-31,1.47054
fercal,2024-01-01,2.6002617
fercal,2024-01-02,2.080059
fercal,2024-01-03,1.9160788
fercal,2024-01-04,1.347696
fercal,2024-01-05,2.0053914
fercal,2024-01-06,1.8530426
fercal,2024-01-07,1.6965529
fercal,2024-01-08,2.610095
fercal,2024-01-09,2.3050435
fercal,2024-01-10,1.9160788
fercal,2024-01-11,1.347696
fercal,2024-01-12,2.2303736
fercal,2024-01-13,1.8530426
fercal,2024-01-14,1.6965529
fercal,2024-01-15,2.610095
fercal,2024-01-16,1.979638
fercal,2024-01-17,1.8146691
fercal,2024-01-18,1.347696
fercal,2024-01-19,2.063087
fercal,2024-01-20,1.8530426
gama,2023-12-19,1.6805586
gama,2023-12-20,1.7053237
gama,2023-12-21,1.6239729
gama,2023-12-22,1.6388136
gama,2023-12-23,1.473218
gama,2023-12-24,1.36724
gama,2023-12-25,1.7979441
gama,2023-12-26,1.7541107
gama,2023-12-27,1.7576637
gama,2023-12-28,1.5720503
gama,2023-12-29,1.7545174
gama,2023-12-30,1.5889215
gama,2023-12-31,1.4549493
gama,2024-01-01,2.3164282
gama,2024-01-02,2.080059
gama,2024-01-03,1.9160788
gama,2024-01-04,1.347696
gama,2024-01-05,2.0053914
gama,2024-01-06,1.8530426
gama,2024-01-07,1.6965529
gama,2024-01-08,2.6002617
gama,2024-01-09,2.3050435
gama,2024-01-10,1.9160788
gama,2024-01-11,1.347696
gama,2024-01-12,2.2303736
gama,2024-01-13,1.8530426
gama,2024-01-14,1.6965529
gama,2024-01-15,2.610095
gama,2024-01-16,1.979638
gama,2024-01-17,1.8146691
gama,2024-01-18,1.347696
gama,2024-01-19,2.063087
gama,2024-01-20,1.8530426
gama,2024-01-21,1.6965529
gama,2024-01-22,2.610095
gama,2024-01-23,1.9219407
gama,2024-01-24,1.8146691
gama,2024-01-25,1.347696
gama,2024-01-26,2.063087
gama,2024-01-27,1.8530426
gama,2024-01-28,1.6965529
gama,2024-01-29,2.610095
gama,2024-01-30,2.080059
gama,2024-01-31,1.9160788
gama,2024-02-01,1.3401428
gama,2024-02-02,2.0047736
gama,2024-02-03,1.8194163
gama,2024-02-04,1.6218796
gama,2024-02-05,2.085353
gama,2024-02-06,1.879487
gama,2024-02-07,1.6239187
gama,2024-02-08,1.3401428
gama,2024-02-09,2.0047736
gama,2024-02-10,1.8194163
gama,2024-02-11,1.6218796
gama,2024-02-12,2.085353
gama,2024-02-13,1.8519294
gama,2024-02-14,1.6239187
gama,2024-02-15,1.3401428
gama,2024-02-16,2.0047736
gama,2024-02-17,1.8194163
gama,2024-02-18,1.6218796
guara,2023-12-19,2.6862514
guara,2023-12-20,2.6713164
guara,2023-12-21,2.5514603
guara,2023-12-22,2.7444186
guara,2023-12-23,2.1011293
guara,2023-12-24,1.7156367
guara,2023-12-25,2.3405511
guara,2023-12-26,2.32089
guara,2023-12-27,2.2326534
guara,2023-12-28,2.0626805
guara,2023-12-29,2.1261194
guara,2023-12-30,1.8847749
guara,2023-12-31,1.6362393
guara,2024-01-01,2.765479
guara,2024-01-02,2.211983
guara,2024-01-03,1.9710411
guara,2024-01-04,1.5607786
guara,2024-01-05,2.2184718
guara,2024-01-06,1.9845252
guara,2024-01-07,1.8121318
guara,2024-01-08,2.765479
guara,2024-01-09,2.1350214
guara,2024-01-10,1.9133425
guara,2024-01-11,1.5030805
guara,2024-01-12,2.2184718
guara,2024-01-13,1.9779589
guara,2024-01-14,1.8121318
guara,2024-01-15,2.765479
guara,2024-01-16,2.1350214
guara,2024-01-17,2.0714614
guara,2024-01-18,1.6044903
guara,2024-01-19,2.2184718
guara,2024-01-20,1.9779589
guara,2024-01-21,1.8121318
guara,2024-01-22,2.765479
guara,2024-01-23,2.1350214
guara,2024-01-24,2.2964458
guara,2024-01-25,1.6044903
guara,2024-01-26,2.2184718
guara,2024-01-27,1.9779589
guara,2024-01-28,1.8121318
guara,2024-01-29,2.765479
guara,2024-01-30,2.1350214
guara,2024-01-31,1.9710411
guara,2024-02-01,1.4955271
guara,2024-02-02,2.1601558
guara,2024-02-03,1.9443326
guara,2024-02-04,1.7374586
guara,2024-02-05,2.240737
guara,2024-02-06,1.8860533
guara,2024-02-07,1.6239187
guara,2024-02-08,1.3401428
guara,2024-02-09,2.0047736
guara,2024-02-10,1.8194163
guara,2024-02-11,1.6218796
guara,2024-02-12,2.085353
guara,2024-02-13,1.8519294
guara,2024-02-14,1.6239187
guara,2024-02-15,1.3401428
guara,2024-02-16,2.0047736
guara,2024-02-17,1.8194163
guara,2024-02-18,1.6218796
itapoa,2023-12-11,1.7739825
itapoa,2023-12-12,1.5521976
itapoa,2023-12-13,1.5627456
itapoa,2023-12-14,1.384501
itapoa,2023-12-15,1.6388136
itapoa,2023-12-16,1.473218
itapoa,2023-12-17,1.36724
itapoa,2023-12-18,1.7979441
itapoa,2023-12-19,1.6527971
itapoa,2023-12-20,1.6563499
itapoa,2023-12-21,1.4781055
itapoa,2023-12-22,1.7545174
itapoa,2023-12-23,1.5889215
itapoa,2023-12-24,1.4549493
itapoa,2023-12-25,1.8992568
itapoa,2023-12-26,1.7541107
itapoa,2023-12-27,1.7576637
itapoa,2023-12-28,1.565815
itapoa,2023-12-29,1.7545174
itapoa,2023-12-30,1.5889215
itapoa,2023-12-31,1.4549493
itapoa,2024-01-01,2.3164282
itapoa,2024-01-02,2.080059
itapoa,2024-01-03,1.9160788
itapoa,2024-01-04,1.347696
itapoa,2024-01-05,2.0053914
itapoa,2024-01-06,1.8530426
itapoa,2024-01-07,1.6965529
itapoa,2024-01-08,2.6002617
itapoa,2024-01-09,2.3050435
itapoa,2024-01-10,1.9160788
itapoa,2024-01-11,1.347696
itapoa,2024-01-12,2.2303736
itapoa,2024-01-13,1.8530426
itapoa,2024-01-14,1.6965529
itapoa,2024-01-15,2.610095
itapoa,2024-01-16,1.979638
itapoa,2024-01-17,1.8146691
itapoa,2024-01-18,1.347696
itapoa,2024-01-19,2.063087
itapoa,2024-01-20,1.8530426
itapoa,2024-01-21,1.6965529
itapoa,2024-01-22,2.610095
itapoa,2024-01-23,1.9219407
itapoa,2024-01-24,1.8146691
itapoa,2024-01-25,1.347696
itapoa,2024-01-26,2.063087
itapoa,2024-01-27,1.8530426
itapoa,2024-01-28,1.6965529
itapoa,2024-01-29,2.610095
itapoa,2024-01-30,2.080059
itapoa,2024-01-31,1.9160788
itapoa,2024-02-01,1.3401428
itapoa,2024-02-02,2.0047736
itapoa,2024-02-03,1.8194163
itapoa,2024-02-04,1.6218796
itapoa,2024-02-05,2.085353
itapoa,2024-02-06,1.879487
itapoa,2024-02-07,1.6239187
itapoa,2024-02-08,1.3401428
itapoa,2024-02-09,2.0047736
itapoa,2024-02-10,1.8194163
jardim_botanico,2023-12-16,2.7748313
jardim_botanico,2023-12-17,2.024575
jardim_botanico,2023-12-18,3.2364323
jardim_botanico,2023-12-19,3.3429792
jardim_botanico,2023-12-20,4.1823974
jardim_botanico,2023-12-21,2.937995
jardim_botanico,2023-12-22,3.293741
jardim_botanico,2023-12-23,2.7524655
jardim_botanico,2023-12-24,2.631688
jardim_botanico,2023-12-25,3.90725
jardim_botanico,2023-12-26,3.4454744
jardim_botanico,2023-12-27,3.3898783
jardim_botanico,2023-12-28,3.069877
jardim_botanico,2023-12-29,3.2927604
jardim_botanico,2023-12-30,2.9265194
jardim_botanico,2023-12-31,2.6638005
jardim_botanico,2024-01-01,4.1101136
jardim_botanico,2024-01-02,3.358246
jardim_botanico,2024-01-03,3.4182425
jardim_botanico,2024-01-04,3.1819372
jardim_botanico,2024-01-05,3.6512618
jardim_botanico,2024-01-06,3.8761458
jardim_botanico,2024-01-07,3.7467842
jardim_botanico,2024-01-08,5.623286
jardim_botanico,2024-01-09,4.3699427
jardim_botanico,2024-01-10,4.32734
jardim_botanico,2024-01-11,4.0018034
jardim_botanico,2024-01-12,4.8093805
jardim_botanico,2024-01-13,4.163609
jardim_botanico,2024-01-14,3.9718764
jardim_botanico,2024-01-15,5.7895646
jardim_botanico,2024-01-16,5.012632
jardim_botanico,2024-01-17,5.0424056
jardim_botanico,2024-01-18,4.7168684
jardim_botanico,2024-01-19,5.484339
jardim_botanico,2024-01-20,4.777264
jardim_botanico,2024-01-21,4.1646366
jardim_botanico,2024-01-22,6.3913984
jardim_botanico,2024-01-23,6.3346314
jardim_botanico,2024-01-24,6.255495
jardim_botanico,2024-01-25,6.0158367
jardim_botanico,2024-01-26,6.828486
jardim_botanico,2024-01-27,6.1738224
jardim_botanico,2024-01-28,5.6017056
jardim_botanico,2024-01-29,8.069815
jardim_botanico,2024-01-30,7.473793
jardim_botanico,2024-01-31,7.2081637
jardim_botanico,2024-02-01,5.9966726
jardim_botanico,2024-02-02,6.569374
jardim_botanico,2024-02-03,5.767847
jardim_botanico,2024-02-04,4.688707
jardim_botanico,2024-02-05,6.946794
jardim_botanico,2024-02-06,6.240216
jardim_botanico,2024-02-07,6.011745
jardim_botanico,2024-02-08,5.344291
jardim_botanico,2024-02-09,6.0522985
jardim_botanico,2024-02-10,5.4436545
jardim_botanico,2024-02-11,4.5084624
jardim_botanico,2024-02-12,6.618158
jardim_botanico,2024-02-13,5.8347836
jardim_botanico,2024-02-14,5.486453
jardim_botanico,2024-02-15,5.0589175
lago_norte,2023-12-19,2.0955665
lago_norte,2023-12-20,2.2685213
lago_norte,2023-12-21,2.3353136
lago_norte,2023-12-22,2.0243928
lago_norte,2023-12-23,1.7257342
lago_norte,2023-12-24,1.5206605
lago_norte,2023-12-25,1.9922282
lago_norte,2023-12-26,1.8470836
lago_norte,2023-12-27,1.8506365
lago_norte,2023-12-28,1.6212796
lago_norte,2023-12-29,1.8237133
lago_norte,2023-12-30,1.6177577
lago_norte,2023-12-31,1.47054
lago_norte,2024-01-01,2.5523958
lago_norte,2024-01-02,1.9219407
lago_norte,2024-01-03,1.6499838
lago_norte,2024-01-04,1.347696
lago_norte,2024-01-05,2.0053914
lago_norte,2024-01-06,1.8530426
lago_norte,2024-01-07,1.6965529
lago_norte,2024-01-08,2.6002617
lago_norte,2024-01-09,2.080059
lago_norte,2024-01-10,1.9160788
lago_norte,2024-01-11,1.347696
lago_norte,2024-01-12,2.2303736
lago_norte,2024-01-13,1.8530426
lago_norte,2024-01-14,1.6965529
lago_norte,2024-01-15,2.610095
lago_norte,2024-01-16,2.3050435
lago_norte,2024-01-17,1.9160788
lago_norte,2024-01-18,1.347696
lago_norte,2024-01-19,2.063087
lago_norte,2024-01-20,1.8530426
lago_norte,2024-01-21,1.6965529
lago_norte,2024-01-22,2.610095
lago_norte,2024-01-23,1.979638
lago_norte,2024-01-24,1.8146691
lago_norte,2024-01-25,1.347696
lago_norte,2024-01-26,2.063087
lago_norte,2024-01-27,1.8530426
lago_norte,2024-01-28,1.6965529
lago_norte,2024-01-29,2.610095
lago_norte,2024-01-30,1.9219407
lago_norte,2024-01-31,1.8146691
lago_norte,2024-02-01,1.3401428
lago_norte,2024-02-02,2.0047736
lago_norte,2024-02-03,1.8194163
lago_norte,2024-02-04,1.6218796
lago_norte,2024-02-05,2.085353
lago_norte,2024-02-06,1.8453631
lago_norte,2024-02-07,1.6239187
lago_norte,2024-02-08,1.3401428
lago_norte,2024-02-09,2.0047736
lago_norte,2024-02-10,1.8194163
lago_norte,2024-02-11,1.6218796
lago_norte,2024-02-12,2.085353
lago_norte,2024-02-13,1.8453631
lago_norte,2024-02-14,1.6239187
lago_norte,2024-02-15,1.3401428
lago_norte,2024-02-16,2.0047736
lago_norte,2024-02-17,1.8194163
lago_norte,2024-02-18,1.6218796
lago_sul,2023-12-19,2.035733
lago_sul,2023-12-20,2.0875447
lago_sul,2023-12-21,1.8797969
lago_sul,2023-12-22,2.10978
lago_sul,2023-12-23,2.1114373
lago_sul,2023-12-24,1.56036
lago_sul,2023-12-25,1.9889619
lago_sul,2023-12-26,1.9207308
lago_sul,2023-12-27,1.8506365
lago_sul,2023-12-28,1.6073418
lago_sul,2023-12-29,1.817478
lago_sul,2023-12-30,1.6185776
lago_sul,2023-12-31,1.47054
lago_sul,2024-01-01,2.3752766
lago_sul,2024-01-02,1.9219407
lago_sul,2024-01-03,1.6499838
lago_sul,2024-01-04,1.347696
lago_sul,2024-01-05,2.0053914
lago_sul,2024-01-06,1.8596089
lago_sul,2024-01-07,1.6965529
lago_sul,2024-01-08,2.6002617
lago_sul,2024-01-09,2.080059
lago_sul,2024-01-10,1.9160788
lago_sul,2024-01-11,1.347696
lago_sul,2024-01-12,2.2303736
lago_sul,2024-01-13,1.8530426
lago_sul,2024-01-14,1.6965529
lago_sul,2024-01-15,2.610095
lago_sul,2024-01-16,2.3050435
lago_sul,2024-01-17,1.9160788
lago_sul,2024-01-18,1.347696
lago_sul,2024-01-19,2.063087
lago_sul,2024-01-20,1.8530426
lago_sul,2024-01-21,1.6965529
lago_sul,2024-01-22,2.610095
lago_sul,2024-01-23,1.979638
lago_sul,2024-01-24,1.8146691
lago_sul,2024-01-25,1.347696
lago_sul,2024-01-26,2.063087
lago_sul,2024-01-27,1.8530426
lago_sul,2024-01-28,1.6965529
lago_sul,2024-01-29,2.610095
lago_sul,2024-01-30,1.9219407
lago_sul,2024-01-31,1.8146691
lago_sul,2024-02-01,1.3401428
lago_sul,2024-02-02,2.0047736
lago_sul,2024-02-03,1.8194163
lago_sul,2024-02-04,1.6218796
lago_sul,2024-02-05,2.085353
lago_sul,2024-02-06,1.8453631
lago_sul,2024-02-07,1.6239187
lago_sul,2024-02-08,1.3401428
lago_sul,2024-02-09,2.0047736
lago_sul,2024-02-10,1.8194163
lago_sul,2024-02-11,1.6218796
lago_sul,2024-02-12,2.085353
lago_sul,2024-02-13,1.8453631
lago_sul,2024-02-14,1.6239187
lago_sul,2024-02-15,1.3401428
lago_sul,2024-02-16,2.0047736
lago_sul,2024-02-17,1.8194163
lago_sul,2024-02-18,1.6218796
nucleo_bandeirante,2023-12-19,1.7605703
nucleo_bandeirante,2023-12-20,1.6624801
nucleo_bandeirante,2023-12-21,1.4904711
nucleo_bandeirante,2023-12-22,1.5732034
nucleo_bandeirante,2023-12-23,1.473218
nucleo_bandeirante,2023-12-24,1.3557353
nucleo_bandeirante,2023-12-25,1.7979441
nucleo_bandeirante,2023-12-26,1.8277593
nucleo_bandeirante,2023-12-27,1.7576637
nucleo_bandeirante,2023-12-28,1.565815
nucleo_bandeirante,2023-12-29,1.7545174
nucleo_bandeirante,2023-12-30,1.5889215
nucleo_bandeirante,2023-12-31,1.4549493
nucleo_bandeirante,2024-01-01,2.3164282
nucleo_bandeirante,2024-01-02,2.080059
nucleo_bandeirante,2024-01-03,1.9160788
nucleo_bandeirante,2024-01-04,1.347696
nucleo_bandeirante,2024-01-05,2.0053914
nucleo_bandeirante,2024-01-06,1.8530426
nucleo_bandeirante,2024-01-07,1.6965529
nucleo_bandeirante,2024-01-08,2.6002617
nucleo_bandeirante,2024-01-09,2.3050435
nucleo_bandeirante,2024-01-10,1.9160788
nucleo_bandeirante,2024-01-11,1.347696
nucleo_bandeirante,2024-01-12,2.2303736
nucleo_bandeirante,2024-01-13,1.8530426
nucleo_bandeirante,2024-01-14,1.6965529
nucleo_bandeirante,2024-01-15,2.610095
nucleo_bandeirante,2024-01-16,1.979638
nucleo_bandeirante,2024-01-17,1.8146691
nucleo_bandeirante,2024-01-18,1.347696
nucleo_bandeirante,2024-01-19,2.063087
nucleo_bandeirante,2024-01-20,1.8530426
nucleo_bandeirante,2024-01-21,1.6965529
nucleo_bandeirante,2024-01-22,2.610095
nucleo_bandeirante,2024-01-23,1.9219407
nucleo_bandeirante,2024-01-24,1.8146691
nucleo_bandeirante,2024-01-25,1.347696
nucleo_bandeirante,2024-01-26,2.063087
nucleo_bandeirante,2024-01-27,1.8530426
nucleo_bandeirante,2024-01-28,1.6965529
nucleo_bandeirante,2024-01-29,2.610095
nucleo_bandeirante,2024-01-30,2.080059
nucleo_bandeirante,2024-01-31,1.9160788
nucleo_bandeirante,2024-02-01,1.3401428
nucleo_bandeirante,2024-02-02,2.0047736
nucleo_bandeirante,2024-02-03,1.8194163
nucleo_bandeirante,2024-02-04,1.6218796
nucleo_bandeirante,2024-02-05,2.085353
nucleo_bandeirante,2024-02-06,1.879487
nucleo_bandeirante,2024-02-07,1.6239187
nucleo_bandeirante,2024-02-08,1.3401428
nucleo_bandeirante,2024-02-09,2.0047736
nucleo_bandeirante,2024-02-10,1.8194163
nucleo_bandeirante,2024-02-11,1.6218796
nucleo_bandeirante,2024-02-12,2.085353
nucleo_bandeirante,2024-02-13,1.8519294
nucleo_bandeirante,2024-02-14,1.6239187
nucleo_bandeirante,2024-02-15,1.3401428
nucleo_bandeirante,2024-02-16,2.0047736
nucleo_bandeirante,2024-02-17,1.8194163
nucleo_bandeirante,2024-02-18,1.6218796
outros_estados,2023-12-19,3.3342144
outros_estados,2023-12-20,2.947872
outros_estados,2023-12-21,2.4189074
outros_estados,2023-12-22,2.8426142
outros_estados,2023-12-23,2.4153352
outros_estados,2023-12-24,2.1217983
outros_estados,2023-12-25,4.008164
outros_estados,2023-12-26,3.1669533
outros_estados,2023-12-27,3.020948
outros_estados,2023-12-28,2.9804711
outros_estados,2023-12-29,3.159021
outros_estados,2023-12-30,2.9483087
outros_estados,2023-12-31,2.631688
outros_estados,2024-01-01,4.277389
outros_estados,2024-01-02,3.358246
outros_estados,2024-01-03,3.478561
outros_estados,2024-01-04,3.5677552
outros_estados,2024-01-05,3.9164643
outros_estados,2024-01-06,3.882297
outros_estados,2024-01-07,3.7366943
outros_estados,2024-01-08,5.514015
outros_estados,2024-01-09,4.5765696
outros_estados,2024-01-10,4.32734
outros_estados,2024-01-11,4.1466346
outros_estados,2024-01-12,4.894456
outros_estados,2024-01-13,4.163609
outros_estados,2024-01-14,3.9718764
outros_estados,2024-01-15,5.7895646
outros_estados,2024-01-16,5.012632
outros_estados,2024-01-17,5.0424056
outros_estados,2024-01-18,4.8624687
outros_estados,2024-01-19,5.484339
outros_estados,2024-01-20,4.777264
outros_estados,2024-01-21,4.1646366
outros_estados,2024-01-22,6.5748973
outros_estados,2024-01-23,6.3346314
outros_estados,2024-01-24,6.3833756
outros_estados,2024-01-25,6.0158367
outros_estados,2024-01-26,6.828486
outros_estados,2024-01-27,6.174975
outros_estados,2024-01-28,5.6017056
outros_estados,2024-01-29,8.069815
outros_estados,2024-01-30,7.473793
outros_estados,2024-01-31,7.2081637
outros_estados,2024-02-01,5.9966726
outros_estados,2024-02-02,6.569374
outros_estados,2024-02-03,5.767847
outros_estados,2024-02-04,4.688707
outros_estados,2024-02-05,6.946794
outros_estados,2024-02-06,6.240216
outros_estados,2024-02-07,6.011745
outros_estados,2024-02-08,5.344291
outros_estados,2024-02-09,6.0522985
outros_estados,2024-02-10,5.4436545
outros_estados,2024-02-11,4.5084624
outros_estados,2024-02-12,6.618158
outros_estados,2024-02-13,5.8347836
outros_estados,2024-02-14,5.486453
outros_estados,2024-02-15,5.0589175
outros_estados,2024-02-16,5.9985604
outros_estados,2024-02-17,5.138915
outros_estados,2024-02-18,4.3711085
outros_estados,2024-02-18,4.3711085
paranoa,2023-12-15,1.7319425
paranoa,2023-12-16,1.6217211
paranoa,2023-12-17,1.3557353
paranoa,2023-12-18,1.7487373
paranoa,2023-12-19,1.6869217
paranoa,2023-12-20,1.6563499
paranoa,2023-12-21,1.4781055
paranoa,2023-12-22,1.7545174
paranoa,2023-12-23,1.5951568
paranoa,2023-12-24,1.4549493
paranoa,2023-12-25,1.8992568
paranoa,2023-12-26,1.8277593
paranoa,2023-12-27,1.7576637
paranoa,2023-12-28,1.565815
paranoa,2023-12-29,1.7545174
paranoa,2023-12-30,1.5889215
paranoa,2023-12-31,1.4549493
paranoa,2024-01-01,2.3164282
paranoa,2024-01-02,2.080059
paranoa,2024-01-03,1.9160788
paranoa,2024-01-04,1.347696
paranoa,2024-01-05,2.0053914
paranoa,2024-01-06,1.8530426
paranoa,2024-01-07,1.6965529
paranoa,2024-01-08,2.6002617
paranoa,2024-01-09,2.3050435
paranoa,2024-01-10,1.9160788
paranoa,2024-01-11,1.347696
paranoa,2024-01-12,2.2303736
paranoa,2024-01-13,1.8530426
paranoa,2024-01-14,1.6965529
paranoa,2024-01-15,2.610095
paranoa,2024-01-16,1.979638
paranoa,2024-01-17,1.8146691
paranoa,2024-01-18,1.347696
paranoa,2024-01-19,2.063087
paranoa,2024-01-20,1.8530426
paranoa,2024-01-21,1.6965529
paranoa,2024-01-22,2.610095
paranoa,2024-01-23,1.9219407
paranoa,2024-01-24,1.8146691
paranoa,2024-01-25,1.347696
paranoa,2024-01-26,2.063087
paranoa,2024-01-27,1.8530426
paranoa,2024-01-28,1.6965529
paranoa,2024-01-29,2.610095
paranoa,2024-01-30,2.080059
paranoa,2024-01-31,1.9160788
paranoa,2024-02-01,1.3401428
paranoa,2024-02-02,2.0047736
paranoa,2024-02-03,1.8194163
paranoa,2024-02-04,1.6218796
paranoa,2024-02-05,2.085353
paranoa,2024-02-06,1.879487
paranoa,2024-02-07,1.6239187
paranoa,2024-02-08,1.3401428
paranoa,2024-02-09,2.0047736
paranoa,2024-02-10,1.8194163
paranoa,2024-02-11,1.6218796
paranoa,2024-02-12,2.085353
paranoa,2024-02-13,1.8519294
paranoa,2024-02-14,1.6239187
park_way,2023-12-14,1.4501114
park_way,2023-12-15,1.672938
park_way,2023-12-16,1.473218
park_way,2023-12-17,1.3617435
park_way,2023-12-18,1.6973444
park_way,2023-12-19,1.6035904
park_way,2023-12-20,1.6563499
park_way,2023-12-21,1.4781055
park_way,2023-12-22,1.6668078
park_way,2023-12-23,1.5012121
park_way,2023-12-24,1.36724
park_way,2023-12-25,1.7979441
park_way,2023-12-26,1.7541107
park_way,2023-12-27,1.7576637
park_way,2023-12-28,1.565815
park_way,2023-12-29,1.7545174
park_way,2023-12-30,1.5889215
park_way,2023-12-31,1.4549493
park_way,2024-01-01,2.3164282
park_way,2024-01-02,2.080059
park_way,2024-01-03,1.9160788
park_way,2024-01-04,1.347696
park_way,2024-01-05,2.0053914
park_way,2024-01-06,1.8530426
park_way,2024-01-07,1.6965529
park_way,2024-01-08,2.6002617
park_way,2024-01-09,2.3050435
park_way,2024-01-10,1.9160788
park_way,2024-01-11,1.347696
park_way,2024-01-12,2.2303736
park_way,2024-01-13,1.8530426
park_way,2024-01-14,1.6965529
park_way,2024-01-15,2.610095
park_way,2024-01-16,1.979638
park_way,2024-01-17,1.8146691
park_way,2024-01-18,1.347696
park_way,2024-01-19,2.063087
park_way,2024-01-20,1.8530426
park_way,2024-01-21,1.6965529
park_way,2024-01-22,2.610095
park_way,2024-01-23,1.9219407
park_way,2024-01-24,1.8146691
park_way,2024-01-25,1.347696
park_way,2024-01-26,2.063087
park_way,2024-01-27,1.8530426
park_way,2024-01-28,1.6965529
park_way,2024-01-29,2.610095
park_way,2024-01-30,2.080059
park_way,2024-01-31,1.9160788
park_way,2024-02-01,1.3401428
park_way,2024-02-02,2.0047736
park_way,2024-02-03,1.8194163
park_way,2024-02-04,1.6218796
park_way,2024-02-05,2.085353
park_way,2024-02-06,1.879487
park_way,2024-02-07,1.6239187
park_way,2024-02-08,1.3401428
park_way,2024-02-09,2.0047736
park_way,2024-02-10,1.8194163
park_way,2024-02-11,1.6218796
park_way,2024-02-12,2.085353
park_way,2024-02-13,1.8519294
planaltina,2023-12-19,1.7521703
planaltina,2023-12-20,1.628356
planaltina,2023-12-21,1.4781055
planaltina,2023-12-22,1.6668078
planaltina,2023-12-23,1.6230458
planaltina,2023-12-24,1.4549493
planaltina,2023-12-25,1.9333812
planaltina,2023-12-26,1.7541107
planaltina,2023-12-27,1.7576637
planaltina,2023-12-28,1.565815
planaltina,2023-12-29,1.7545174
planaltina,2023-12-30,1.5889215
planaltina,2023-12-31,1.4549493
planaltina,2024-01-01,2.4935474
planaltina,2024-01-02,2.080059
planaltina,2024-01-03,1.9160788
planaltina,2024-01-04,1.347696
planaltina,2024-01-05,2.0053914
planaltina,2024-01-06,1.8530426
planaltina,2024-01-07,1.6965529
planaltina,2024-01-08,2.6002617
planaltina,2024-01-09,2.3050435
planaltina,2024-01-10,1.9160788
planaltina,2024-01-11,1.347696
planaltina,2024-01-12,2.2303736
planaltina,2024-01-13,1.8530426
planaltina,2024-01-14,1.6965529
planaltina,2024-01-15,2.610095
planaltina,2024-01-16,1.979638
planaltina,2024-01-17,1.8146691
planaltina,2024-01-18,1.347696
planaltina,2024-01-19,2.063087
planaltina,2024-01-20,1.8530426
planaltina,2024-01-21,1.6965529
planaltina,2024-01-22,2.610095
planaltina,2024-01-23,1.9219407
planaltina,2024-01-24,1.8146691
planaltina,2024-01-25,1.347696
planaltina,2024-01-26,2.063087
planaltina,2024-01-27,1.8530426
planaltina,2024-01-28,1.6965529
planaltina,2024-01-29,2.610095
planaltina,2024-01-30,2.080059
planaltina,2024-01-31,1.9160788
planaltina,2024-02-01,1.3401428
planaltina,2024-02-02,2.0047736
planaltina,2024-02-03,1.8194163
planaltina,2024-02-04,1.6218796
planaltina,2024-02-05,2.085353
planaltina,2024-02-06,1.879487
planaltina,2024-02-07,1.6239187
planaltina,2024-02-08,1.3401428
planaltina,2024-02-09,2.0047736
planaltina,2024-02-10,1.8194163
planaltina,2024-02-11,1.6218796
planaltina,2024-02-12,2.085353
planaltina,2024-02-13,1.8519294
planaltina,2024-02-14,1.6239187
planaltina,2024-02-15,1.3401428
planaltina,2024-02-16,2.0047736
planaltina,2024-02-17,1.8194163
planaltina,2024-02-18,1.6218796
plano_piloto,2023-12-19,9.384161
plano_piloto,2023-12-20,8.327252
plano_piloto,2023-12-21,7.938477
plano_piloto,2023-12-22,8.32639
plano_piloto,2023-12-23,7.4173098
plano_piloto,2023-12-24,6.5203786
plano_piloto,2023-12-25,9.982899
plano_piloto,2023-12-26,7.5954385
plano_piloto,2023-12-27,7.558284
plano_piloto,2023-12-28,7.161783
plano_piloto,2023-12-29,6.8837795
plano_piloto,2023-12-30,6.347345
plano_piloto,2023-12-31,5.426873
plano_piloto,2024-01-01,8.914186
plano_piloto,2024-01-02,7.438646
plano_piloto,2024-01-03,6.7351956
plano_piloto,2024-01-04,6.293114
plano_piloto,2024-01-05,6.9319363
plano_piloto,2024-01-06,5.94878
plano_piloto,2024-01-07,5.1062064
plano_piloto,2024-01-08,8.097845
plano_piloto,2024-01-09,7.386088
plano_piloto,2024-01-10,6.7456393
plano_piloto,2024-01-11,6.1109157
plano_piloto,2024-01-12,6.9148493
plano_piloto,2024-01-13,6.0763226
plano_piloto,2024-01-14,5.6122
plano_piloto,2024-01-15,8.078633
plano_piloto,2024-01-16,7.386088
plano_piloto,2024-01-17,6.7456393
plano_piloto,2024-01-18,6.1109157
plano_piloto,2024-01-19,6.9148493
plano_piloto,2024-01-20,6.4179068
plano_piloto,2024-01-21,5.631411
plano_piloto,2024-01-22,8.097845
plano_piloto,2024-01-23,7.405299
plano_piloto,2024-01-24,6.7648506
plano_piloto,2024-01-25,6.130127
plano_piloto,2024-01-26,6.9340606
plano_piloto,2024-01-27,5.9745946
plano_piloto,2024-01-28,5.4610767
plano_piloto,2024-01-29,8.078633
plano_piloto,2024-01-30,7.386088
plano_piloto,2024-01-31,6.7456393
plano_piloto,2024-02-01,5.886294
plano_piloto,2024-02-02,6.6386046
plano_piloto,2024-02-03,5.8075247
plano_piloto,2024-02-04,4.688707
plano_piloto,2024-02-05,7.0970836
plano_piloto,2024-02-06,6.331383
plano_piloto,2024-02-07,5.8786454
plano_piloto,2024-02-08,5.321214
plano_piloto,2024-02-09,6.15722
plano_piloto,2024-02-10,5.4092155
plano_piloto,2024-02-11,4.514281
plano_piloto,2024-02-12,6.866351
plano_piloto,2024-02-13,5.8347836
plano_piloto,2024-02-14,5.515561
plano_piloto,2024-02-15,5.0589175
plano_piloto,2024-02-16,5.9985604
plano_piloto,2024-02-17,5.1476307
plano_piloto,2024-02-18,4.3711085
por_do_sol,2023-12-02,1.5192299
por_do_sol,2023-12-03,1.4017472
por_do_sol,2023-12-04,1.864065
por_do_sol,2023-12-05,1.8042623
por_do_sol,2023-12-06,1.628356
por_do_sol,2023-12-07,1.4781055
por_do_sol,2023-12-08,1.6668078
por_do_sol,2023-12-09,1.5889215
por_do_sol,2023-12-10,1.4549493
por_do_sol,2023-12-11,1.8992568
por_do_sol,2023-12-12,1.8084018
por_do_sol,2023-12-13,1.7576637
por_do_sol,2023-12-14,1.565815
por_do_sol,2023-12-15,1.7545174
por_do_sol,2023-12-16,1.5889215
por_do_sol,2023-12-17,1.4549493
por_do_sol,2023-12-18,1.8992568
por_do_sol,2023-12-19,1.7541107
por_do_sol,2023-12-20,1.7576637
por_do_sol,2023-12-21,1.565815
por_do_sol,2023-12-22,1.7545174
por_do_sol,2023-12-23,1.5889215
por_do_sol,2023-12-24,1.4549493
por_do_sol,2023-12-25,1.8992568
por_do_sol,2023-12-26,1.7541107
por_do_sol,2023-12-27,1.7576637
por_do_sol,2023-12-28,1.565815
por_do_sol,2023-12-29,1.7545174
por_do_sol,2023-12-30,1.5889215
por_do_sol,2023-12-31,1.4549493
por_do_sol,2024-01-01,2.3164282
por_do_sol,2024-01-02,2.080059
por_do_sol,2024-01-03,1.9160788
por_do_sol,2024-01-04,1.347696
por_do_sol,2024-01-05,2.0053914
por_do_sol,2024-01-06,1.8530426
por_do_sol,2024-01-07,1.6965529
por_do_sol,2024-01-08,2.6002617
por_do_sol,2024-01-09,2.3050435
por_do_sol,2024-01-10,1.9160788
por_do_sol,2024-01-11,1.347696
por_do_sol,2024-01-12,2.2303736
por_do_sol,2024-01-13,1.8530426
por_do_sol,2024-01-14,1.6965529
por_do_sol,2024-01-15,2.610095
por_do_sol,2024-01-16,1.979638
por_do_sol,2024-01-17,1.8146691
por_do_sol,2024-01-18,1.347696
por_do_sol,2024-01-19,2.063087
por_do_sol,2024-01-20,1.8530426
por_do_sol,2024-01-21,1.6965529
por_do_sol,2024-01-22,2.610095
por_do_sol,2024-01-23,1.9219407
por_do_sol,2024-01-24,1.8146691
por_do_sol,2024-01-25,1.347696
por_do_sol,2024-01-26,2.063087
por_do_sol,2024-01-27,1.8530426
por_do_sol,2024-01-28,1.6965529
por_do_sol,2024-01-29,2.610095
por_do_sol,2024-01-30,2.080059
por_do_sol,2024-01-31,1.9160788
por_do_sol,2024-02-01,1.3401428
recanto_das_emas,2023-12-17,1.4017472
recanto_das_emas,2023-12-18,1.9213456
recanto_das_emas,2023-12-19,1.7840564
recanto_das_emas,2023-12-20,1.8346317
recanto_das_emas,2023-12-21,1.7054471
recanto_das_emas,2023-12-22,1.6668078
recanto_das_emas,2023-12-23,1.5889215
recanto_das_emas,2023-12-24,1.4549493
recanto_das_emas,2023-12-25,1.8992568
recanto_das_emas,2023-12-26,1.7541107
recanto_das_emas,2023-12-27,1.7576637
recanto_das_emas,2023-12-28,1.5720503
recanto_das_emas,2023-12-29,1.7545174
recanto_das_emas,2023-12-30,1.5889215
recanto_das_emas,2023-12-31,1.4549493
recanto_das_emas,2024-01-01,2.3164282
recanto_das_emas,2024-01-02,2.080059
recanto_das_emas,2024-01-03,1.9160788
recanto_das_emas,2024-01-04,1.347696
recanto_das_emas,2024-01-05,2.0053914
recanto_das_emas,2024-01-06,1.8530426
recanto_das_emas,2024-01-07,1.6965529
recanto_das_emas,2024-01-08,2.6002617
recanto_das_emas,2024-01-09,2.3050435
recanto_das_emas,2024-01-10,1.9160788
recanto_das_emas,2024-01-11,1.347696
recanto_das_emas,2024-01-12,2.2303736
recanto_das_emas,2024-01-13,1.8530426
recanto_das_emas,2024-01-14,1.6965529
recanto_das_emas,2024-01-15,2.610095
recanto_das_emas,2024-01-16,1.979638
recanto_das_emas,2024-01-17,1.8146691
recanto_das_emas,2024-01-18,1.347696
recanto_das_emas,2024-01-19,2.063087
recanto_das_emas,2024-01-20,1.8530426
recanto_das_emas,2024-01-21,1.6965529
recanto_das_emas,2024-01-22,2.610095
recanto_das_emas,2024-01-23,1.9219407
recanto_das_emas,2024-01-24,1.8146691
recanto_das_emas,2024-01-25,1.347696
recanto_das_emas,2024-01-26,2.063087
recanto_das_emas,2024-01-27,1.8530426
recanto_das_emas,2024-01-28,1.6965529
recanto_das_emas,2024-01-29,2.610095
recanto_das_emas,2024-01-30,2.080059
recanto_das_emas,2024-01-31,1.9160788
recanto_das_emas,2024-02-01,1.3401428
recanto_das_emas,2024-02-02,2.0047736
recanto_das_emas,2024-02-03,1.8194163
recanto_das_emas,2024-02-04,1.6218796
recanto_das_emas,2024-02-05,2.085353
recanto_das_emas,2024-02-06,1.879487
recanto_das_emas,2024-02-07,1.6239187
recanto_das_emas,2024-02-08,1.3401428
recanto_das_emas,2024-02-09,2.0047736
recanto_das_emas,2024-02-10,1.8194163
recanto_das_emas,2024-02-11,1.6218796
recanto_das_emas,2024-02-12,2.085353
recanto_das_emas,2024-02-13,1.8519294
recanto_das_emas,2024-02-14,1.6239187
recanto_das_emas,2024-02-15,1.3401428
recanto_das_emas,2024-02-16,2.0047736
riacho_fundo,2023-12-14,1.5152462
riacho_fundo,2023-12-15,1.7101835
riacho_fundo,2023-12-16,1.5472239
riacho_fundo,2023-12-17,1.4132519
riacho_fundo,2023-12-18,2.0890808
riacho_fundo,2023-12-19,1.8013772
riacho_fundo,2023-12-20,1.7576637
riacho_fundo,2023-12-21,1.565815
riacho_fundo,2023-12-22,1.7545174
riacho_fundo,2023-12-23,1.5889215
riacho_fundo,2023-12-24,1.4549493
riacho_fundo,2023-12-25,2.049508
riacho_fundo,2023-12-26,1.8480687
riacho_fundo,2023-12-27,1.816512
riacho_fundo,2023-12-28,1.6073418
riacho_fundo,2023-12-29,1.7833537
riacho_fundo,2023-12-30,1.6177577
riacho_fundo,2023-12-31,1.47054
riacho_fundo,2024-01-01,2.610095
riacho_fundo,2024-01-02,2.080059
riacho_fundo,2024-01-03,1.9160788
riacho_fundo,2024-01-04,1.347696
riacho_fundo,2024-01-05,2.0053914
riacho_fundo,2024-01-06,1.8530426
riacho_fundo,2024-01-07,1.6965529
riacho_fundo,2024-01-08,2.610095
riacho_fundo,2024-01-09,2.3050435
riacho_fundo,2024-01-10,1.9160788
riacho_fundo,2024-01-11,1.347696
riacho_fundo,2024-01-12,2.2303736
riacho_fundo,2024-01-13,1.8530426
riacho_fundo,2024-01-14,1.6965529
riacho_fundo,2024-01-15,2.610095
riacho_fundo,2024-01-16,1.979638
riacho_fundo,2024-01-17,1.8146691
riacho_fundo,2024-01-18,1.347696
riacho_fundo,2024-01-19,2.063087
riacho_fundo,2024-01-20,1.8530426
riacho_fundo,2024-01-21,1.6965529
riacho_fundo,2024-01-22,2.610095
riacho_fundo,2024-01-23,1.9219407
riacho_fundo,2024-01-24,1.8146691
riacho_fundo,2024-01-25,1.347696
riacho_fundo,2024-01-26,2.063087
riacho_fundo,2024-01-27,1.8530426
riacho_fundo,2024-01-28,1.6965529
riacho_fundo,2024-01-29,2.610095
riacho_fundo,2024-01-30,2.080059
riacho_fundo,2024-01-31,1.9160788
riacho_fundo,2024-02-01,1.3401428
riacho_fundo,2024-02-02,2.0047736
riacho_fundo,2024-02-03,1.8194163
riacho_fundo,2024-02-04,1.6218796
riacho_fundo,2024-02-05,2.085353
riacho_fundo,2024-02-06,1.879487
riacho_fundo,2024-02-07,1.6239187
riacho_fundo,2024-02-08,1.3401428
riacho_fundo,2024-02-09,2.0047736
riacho_fundo,2024-02-10,1.8194163
riacho_fundo,2024-02-11,1.6218796
riacho_fundo,2024-02-12,2.085353
riacho_fundo,2024-02-13,1.8519294
riacho_fundo_ii,2023-12-14,1.384501
riacho_fundo_ii,2023-12-15,1.5732034
riacho_fundo_ii,2023-12-16,1.4223702
riacho_fundo_ii,2023-12-17,1.3048875
riacho_fundo_ii,2023-12-18,1.6973444
riacho_fundo_ii,2023-12-19,1.6035904
riacho_fundo_ii,2023-12-20,1.628356
riacho_fundo_ii,2023-12-21,1.4781055
riacho_fundo_ii,2023-12-22,1.6668078
riacho_fundo_ii,2023-12-23,1.5012121
riacho_fundo_ii,2023-12-24,1.36724
riacho_fundo_ii,2023-12-25,1.7979441
riacho_fundo_ii,2023-12-26,1.7541107
riacho_fundo_ii,2023-12-27,1.7576637
riacho_fundo_ii,2023-12-28,1.565815
riacho_fundo_ii,2023-12-29,1.7545174
riacho_fundo_ii,2023-12-30,1.5889215
riacho_fundo_ii,2023-12-31,1.4549493
riacho_fundo_ii,2024-01-01,2.3164282
riacho_fundo_ii,2024-01-02,2.080059
riacho_fundo_ii,2024-01-03,1.9160788
riacho_fundo_ii,2024-01-04,1.347696
riacho_fundo_ii,2024-01-05,2.0053914
riacho_fundo_ii,2024-01-06,1.8530426
riacho_fundo_ii,2024-01-07,1.6965529
riacho_fundo_ii,2024-01-08,2.6002617
riacho_fundo_ii,2024-01-09,2.3050435
riacho_fundo_ii,2024-01-10,1.9160788
riacho_fundo_ii,2024-01-11,1.347696
riacho_fundo_ii,2024-01-12,2.2303736
riacho_fundo_ii,2024-01-13,1.8530426
riacho_fundo_ii,2024-01-14,1.6965529
riacho_fundo_ii,2024-01-15,2.610095
riacho_fundo_ii,2024-01-16,1.979638
riacho_fundo_ii,2024-01-17,1.8146691
riacho_fundo_ii,2024-01-18,1.347696
riacho_fundo_ii,2024-01-19,2.063087
riacho_fundo_ii,2024-01-20,1.8530426
riacho_fundo_ii,2024-01-21,1.6965529
riacho_fundo_ii,2024-01-22,2.610095
riacho_fundo_ii,2024-01-23,1.9219407
riacho_fundo_ii,2024-01-24,1.8146691
riacho_fundo_ii,2024-01-25,1.347696
riacho_fundo_ii,2024-01-26,2.063087
riacho_fundo_ii,2024-01-27,1.8530426
riacho_fundo_ii,2024-01-28,1.6965529
riacho_fundo_ii,2024-01-29,2.610095
riacho_fundo_ii,2024-01-30,2.080059
riacho_fundo_ii,2024-01-31,1.9160788
riacho_fundo_ii,2024-02-01,1.3401428
riacho_fundo_ii,2024-02-02,2.0047736
riacho_fundo_ii,2024-02-03,1.8194163
riacho_fundo_ii,2024-02-04,1.6218796
riacho_fundo_ii,2024-02-05,2.085353
riacho_fundo_ii,2024-02-06,1.879487
riacho_fundo_ii,2024-02-07,1.6239187
riacho_fundo_ii,2024-02-08,1.3401428
riacho_fundo_ii,2024-02-09,2.0047736
riacho_fundo_ii,2024-02-10,1.8194163
riacho_fundo_ii,2024-02-11,1.6218796
riacho_fundo_ii,2024-02-12,2.085353
riacho_fundo_ii,2024-02-13,1.8519294
samambaia,2023-12-19,1.7777634
samambaia,2023-12-20,1.6431227
samambaia,2023-12-21,1.4501114
samambaia,2023-12-22,1.6388136
samambaia,2023-12-23,1.5012121
samambaia,2023-12-24,1.4549493
samambaia,2023-12-25,1.9642386
samambaia,2023-12-26,1.7541107
samambaia,2023-12-27,1.7576637
samambaia,2023-12-28,1.565815
samambaia,2023-12-29,1.7545174
samambaia,2023-12-30,1.5889215
samambaia,2023-12-31,1.4549493
samambaia,2024-01-01,2.4935474
samambaia,2024-01-02,2.080059
samambaia,2024-01-03,1.9160788
samambaia,2024-01-04,1.347696
samambaia,2024-01-05,2.0053914
samambaia,2024-01-06,1.8530426
samambaia,2024-01-07,1.6965529
samambaia,2024-01-08,2.6002617
samambaia,2024-01-09,2.3050435
samambaia,2024-01-10,1.9160788
samambaia,2024-01-11,1.347696
samambaia,2024-01-12,2.2303736
samambaia,2024-01-13,1.8530426
samambaia,2024-01-14,1.6965529
samambaia,2024-01-15,2.610095
samambaia,2024-01-16,1.979638
samambaia,2024-01-17,1.8146691
samambaia,2024-01-18,1.347696
samambaia,2024-01-19,2.063087
samambaia,2024-01-20,1.8530426
samambaia,2024-01-21,1.6965529
samambaia,2024-01-22,2.610095
samambaia,2024-01-23,1.9219407
samambaia,2024-01-24,1.8146691
samambaia,2024-01-25,1.347696
samambaia,2024-01-26,2.063087
samambaia,2024-01-27,1.8530426
samambaia,2024-01-28,1.6965529
samambaia,2024-01-29,2.610095
samambaia,2024-01-30,2.080059
samambaia,2024-01-31,1.9160788
samambaia,2024-02-01,1.3401428
samambaia,2024-02-02,2.0047736
samambaia,2024-02-03,1.8194163
samambaia,2024-02-04,1.6218796
samambaia,2024-02-05,2.085353
samambaia,2024-02-06,1.879487
samambaia,2024-02-07,1.6239187
samambaia,2024-02-08,1.3401428
samambaia,2024-02-09,2.0047736
samambaia,2024-02-10,1.8194163
samambaia,2024-02-11,1.6218796
samambaia,2024-02-12,2.085353
samambaia,2024-02-13,1.8519294
samambaia,2024-02-14,1.6239187
samambaia,2024-02-15,1.3401428
samambaia,2024-02-16,2.0047736
samambaia,2024-02-17,1.8194163
samambaia,2024-02-18,1.6218796
santa_maria,2023-12-19,2.1733904
santa_maria,2023-12-20,2.1960733
santa_maria,2023-12-21,1.7494427
santa_maria,2023-12-22,1.817478
santa_maria,2023-12-23,1.6177577
santa_maria,2023-12-24,1.5266687
santa_maria,2023-12-25,1.9922282
santa_maria,2023-12-26,1.9207308
santa_maria,2023-12-27,1.8312789
santa_maria,2023-12-28,1.6073418
santa_maria,2023-12-29,1.7833537
santa_maria,2023-12-30,1.6177577
santa_maria,2023-12-31,1.47054
santa_maria,2024-01-01,2.5523958
santa_maria,2024-01-02,1.9219407
santa_maria,2024-01-03,1.6499838
santa_maria,2024-01-04,1.347696
santa_maria,2024-01-05,2.0053914
santa_maria,2024-01-06,1.8530426
santa_maria,2024-01-07,1.6965529
santa_maria,2024-01-08,2.6002617
santa_maria,2024-01-09,2.080059
santa_maria,2024-01-10,1.9160788
santa_maria,2024-01-11,1.347696
santa_maria,2024-01-12,2.2303736
santa_maria,2024-01-13,1.8530426
santa_maria,2024-01-14,1.6965529
santa_maria,2024-01-15,2.610095
santa_maria,2024-01-16,2.3050435
santa_maria,2024-01-17,1.9160788
santa_maria,2024-01-18,1.347696
santa_maria,2024-01-19,2.063087
santa_maria,2024-01-20,1.8530426
santa_maria,2024-01-21,1.6965529
santa_maria,2024-01-22,2.610095
santa_maria,2024-01-23,1.979638
santa_maria,2024-01-24,1.8146691
santa_maria,2024-01-25,1.347696
santa_maria,2024-01-26,2.063087
santa_maria,2024-01-27,1.8530426
santa_maria,2024-01-28,1.6965529
santa_maria,2024-01-29,2.610095
santa_maria,2024-01-30,1.9219407
santa_maria,2024-01-31,1.8146691
santa_maria,2024-02-01,1.3401428
santa_maria,2024-02-02,2.0047736
santa_maria,2024-02-03,1.8194163
santa_maria,2024-02-04,1.6218796
santa_maria,2024-02-05,2.085353
santa_maria,2024-02-06,1.8453631
santa_maria,2024-02-07,1.6239187
santa_maria,2024-02-08,1.3401428
santa_maria,2024-02-09,2.0047736
santa_maria,2024-02-10,1.8194163
santa_maria,2024-02-11,1.6218796
santa_maria,2024-02-12,2.085353
santa_maria,2024-02-13,1.8453631
santa_maria,2024-02-14,1.6239187
santa_maria,2024-02-15,1.3401428
santa_maria,2024-02-16,2.0047736
santa_maria,2024-02-17,1.8194163
santa_maria,2024-02-18,1.6218796
sao_sebastiao,2023-12-19,1.7840564
sao_sebastiao,2023-12-20,1.8078152
sao_sebastiao,2023-12-21,1.4501114
sao_sebastiao,2023-12-22,1.7009321
sao_sebastiao,2023-12-23,1.473218
sao_sebastiao,2023-12-24,1.36724
sao_sebastiao,2023-12-25,1.7979441
sao_sebastiao,2023-12-26,1.7541107
sao_sebastiao,2023-12-27,1.7383063
sao_sebastiao,2023-12-28,1.565815
sao_sebastiao,2023-12-29,1.7545174
sao_sebastiao,2023-12-30,1.5889215
sao_sebastiao,2023-12-31,1.4549493
sao_sebastiao,2024-01-01,2.3164282
sao_sebastiao,2024-01-02,2.080059
sao_sebastiao,2024-01-03,1.9160788
sao_sebastiao,2024-01-04,1.347696
sao_sebastiao,2024-01-05,2.0053914
sao_sebastiao,2024-01-06,1.8530426
sao_sebastiao,2024-01-07,1.6965529
sao_sebastiao,2024-01-08,2.6002617
sao_sebastiao,2024-01-09,2.3050435
sao_sebastiao,2024-01-10,1.9160788
sao_sebastiao,2024-01-11,1.347696
sao_sebastiao,2024-01-12,2.2303736
sao_sebastiao,2024-01-13,1.8530426
sao_sebastiao,2024-01-14,1.6965529
sao_sebastiao,2024-01-15,2.610095
sao_sebastiao,2024-01-16,1.979638
sao_sebastiao,2024-01-17,1.8146691
sao_sebastiao,2024-01-18,1.347696
sao_sebastiao,2024-01-19,2.063087
sao_sebastiao,2024-01-20,1.8530426
sao_sebastiao,2024-01-21,1.6965529
sao_sebastiao,2024-01-22,2.610095
sao_sebastiao,2024-01-23,1.9219407
sao_sebastiao,2024-01-24,1.8146691
sao_sebastiao,2024-01-25,1.347696
sao_sebastiao,2024-01-26,2.063087
sao_sebastiao,2024-01-27,1.8530426
sao_sebastiao,2024-01-28,1.6965529
sao_sebastiao,2024-01-29,2.610095
sao_sebastiao,2024-01-30,2.080059
sao_sebastiao,2024-01-31,1.9160788
sao_sebastiao,2024-02-01,1.3401428
sao_sebastiao,2024-02-02,2.0047736
sao_sebastiao,2024-02-03,1.8194163
sao_sebastiao,2024-02-04,1.6218796
sao_sebastiao,2024-02-05,2.085353
sao_sebastiao,2024-02-06,1.879487
sao_sebastiao,2024-02-07,1.6239187
sao_sebastiao,2024-02-08,1.3401428
sao_sebastiao,2024-02-09,2.0047736
sao_sebastiao,2024-02-10,1.8194163
sao_sebastiao,2024-02-11,1.6218796
sao_sebastiao,2024-02-12,2.085353
sao_sebastiao,2024-02-13,1.8519294
sao_sebastiao,2024-02-14,1.6239187
sao_sebastiao,2024-02-15,1.3401428
sao_sebastiao,2024-02-16,2.0047736
sao_sebastiao,2024-02-17,1.8194163
sao_sebastiao,2024-02-18,1.6218796
scia,2023-12-09,1.5073423
scia,2023-12-10,1.3108957
scia,2023-12-11,1.6973444
scia,2023-12-12,1.5521976
scia,2023-12-13,1.628356
scia,2023-12-14,1.4501114
scia,2023-12-15,1.6668078
scia,2023-12-16,1.5012121
scia,2023-12-17,1.36724
scia,2023-12-18,1.7979441
scia,2023-12-19,1.6527971
scia,2023-12-20,1.7576637
scia,2023-12-21,1.565815
scia,2023-12-22,1.7545174
scia,2023-12-23,1.5889215
scia,2023-12-24,1.4549493
scia,2023-12-25,1.8992568
scia,2023-12-26,1.7541107
scia,2023-12-27,1.7576637
scia,2023-12-28,1.565815
scia,2023-12-29,1.7545174
scia,2023-12-30,1.5889215
scia,2023-12-31,1.4549493
scia,2024-01-01,2.3164282
scia,2024-01-02,2.080059
scia,2024-01-03,1.9160788
scia,2024-01-04,1.347696
scia,2024-01-05,2.0053914
scia,2024-01-06,1.8530426
scia,2024-01-07,1.6965529
scia,2024-01-08,2.6002617
scia,2024-01-09,2.3050435
scia,2024-01-10,1.9160788
scia,2024-01-11,1.347696
scia,2024-01-12,2.2303736
scia,2024-01-13,1.8530426
scia,2024-01-14,1.6965529
scia,2024-01-15,2.610095
scia,2024-01-16,1.979638
scia,2024-01-17,1.8146691
scia,2024-01-18,1.347696
scia,2024-01-19,2.063087
scia,2024-01-20,1.8530426
scia,2024-01-21,1.6965529
scia,2024-01-22,2.610095
scia,2024-01-23,1.9219407
scia,2024-01-24,1.8146691
scia,2024-01-25,1.347696
scia,2024-01-26,2.063087
scia,2024-01-27,1.8530426
scia,2024-01-28,1.6965529
scia,2024-01-29,2.610095
scia,2024-01-30,2.080059
scia,2024-01-31,1.9160788
scia,2024-02-01,1.3401428
scia,2024-02-02,2.0047736
scia,2024-02-03,1.8194163
scia,2024-02-04,1.6218796
scia,2024-02-05,2.085353
scia,2024-02-06,1.879487
scia,2024-02-07,1.6239187
scia,2024-02-08,1.3401428
sia,2023-12-19,1.5521976
sia,2023-12-20,1.5627456
sia,2023-12-21,1.384501
sia,2023-12-22,1.5794388
sia,2023-12-23,1.473218
sia,2023-12-24,1.3557353
sia,2023-12-25,1.7487373
sia,2023-12-26,1.6527971
sia,2023-12-27,1.6563499
sia,2023-12-28,1.4781055
sia,2023-12-29,1.6668078
sia,2023-12-30,1.5889215
sia,2023-12-31,1.4549493
sia,2024-01-01,2.3164282
sia,2024-01-02,2.0212107
sia,2024-01-03,1.9160788
sia,2024-01-04,1.347696
sia,2024-01-05,2.0053914
sia,2024-01-06,1.8530426
sia,2024-01-07,1.6965529
sia,2024-01-08,2.6002617
sia,2024-01-09,2.3050435
sia,2024-01-10,1.9160788
sia,2024-01-11,1.347696
sia,2024-01-12,2.2303736
sia,2024-01-13,1.8530426
sia,2024-01-14,1.6965529
sia,2024-01-15,2.610095
sia,2024-01-16,1.979638
sia,2024-01-17,1.8146691
sia,2024-01-18,1.347696
sia,2024-01-19,2.063087
sia,2024-01-20,1.8530426
sia,2024-01-21,1.6965529
sia,2024-01-22,2.610095
sia,2024-01-23,1.9219407
sia,2024-01-24,1.8146691
sia,2024-01-25,1.347696
sia,2024-01-26,2.063087
sia,2024-01-27,1.8530426
sia,2024-01-28,1.6965529
sia,2024-01-29,2.610095
sia,2024-01-30,2.080059
sia,2024-01-31,1.9160788
sia,2024-02-01,1.3401428
sia,2024-02-02,2.0047736
sia,2024-02-03,1.8194163
sia,2024-02-04,1.6218796
sia,2024-02-05,2.085353
sia,2024-02-06,1.879487
sia,2024-02-07,1.6239187
sia,2024-02-08,1.3401428
sia,2024-02-09,2.0047736
sia,2024-02-10,1.8194163
sia,2024-02-11,1.6218796
sia,2024-02-12,2.085353
sia,2024-02-13,1.8519294
sia,2024-02-14,1.6239187
sia,2024-02-15,1.3401428
sia,2024-02-16,2.0047736
sia,2024-02-17,1.8194163
sia,2024-02-18,1.6218796
sistema_penitenciario,2022-07-04,3.1165023
sistema_penitenciario,2022-07-05,2.9929492
sistema_penitenciario,2022-07-06,2.763902
sistema_penitenciario,2022-07-07,2.688244
sistema_penitenciario,2022-07-08,3.1743798
sistema_penitenciario,2022-07-09,3.0650268
sistema_penitenciario,2022-07-10,1.8797246
sistema_penitenciario,2022-07-11,2.6067743
sistema_penitenciario,2022-07-12,2.3922372
sistema_penitenciario,2022-07-13,2.3896568
sistema_penitenciario,2022-07-14,2.178939
sistema_penitenciario,2022-07-15,2.5832784
sistema_penitenciario,2022-07-16,2.1176581
sistema_penitenciario,2022-07-17,1.58544
sistema_penitenciario,2022-07-18,2.2440324
sistema_penitenciario,2022-07-19,2.1113734
sistema_penitenciario,2022-07-20,2.0493124
sistema_penitenciario,2022-07-21,1.8023427
sistema_penitenciario,2022-07-22,2.0855591
sistema_penitenciario,2022-07-23,1.6817667
sistema_penitenciario,2022-07-24,1.31027
sistema_penitenciario,2022-07-25,2.0054517
sistema_penitenciario,2022-07-26,1.8790286
sistema_penitenciario,2022-07-27,1.7089939
sistema_penitenciario,2022-07-28,1.5048577
sistema_penitenciario,2022-07-29,1.9239423
sistema_penitenciario,2022-07-30,1.5396657
sistema_penitenciario,2022-07-31,1.2687432
sistema_penitenciario,2022-08-01,1.9532167
sistema_penitenciario,2022-08-02,1.7288258
sistema_penitenciario,2022-08-03,1.659313
sistema_penitenciario,2022-08-04,1.5522149
sistema_penitenciario,2022-08-05,1.8271859
sistema_penitenciario,2022-08-06,1.4770335
sistema_penitenciario,2022-08-07,1.2476377
sistema_penitenciario,2022-08-08,1.9190928
sistema_penitenciario,2022-08-09,1.7288258
sistema_penitenciario,2022-08-10,1.659313
sistema_penitenciario,2022-08-11,1.5522149
sistema_penitenciario,2022-08-12,1.8271859
sistema_penitenciario,2022-08-13,1.4770335
sistema_penitenciario,2022-08-14,1.2476377
sistema_penitenciario,2022-08-15,1.9190928
sistema_penitenciario,2022-08-16,1.7288258
sistema_penitenciario,2022-08-17,1.659313
sistema_penitenciario,2022-08-18,1.5522149
sistema_penitenciario,2022-08-19,1.8271859
sistema_penitenciario,2022-08-20,1.4770335
sistema_penitenciario,2022-08-21,1.2476377
sistema_penitenciario,2022-08-22,1.9190928
sistema_penitenciario,2022-08-23,1.7288258
sistema_penitenciario,2022-08-24,1.659313
sistema_penitenciario,2022-08-25,1.5522149
sistema_penitenciario,2022-08-26,1.8271859
sistema_penitenciario,2022-08-27,1.4770335
sistema_penitenciario,2022-08-28,1.2476377
sistema_penitenciario,2022-08-29,1.9190928
sistema_penitenciario,2022-08-30,1.7288258
sistema_penitenciario,2022-08-31,1.659313
sistema_penitenciario,2022-09-01,1.6507554
sistema_penitenciario,2022-09-02,1.8541797
sistema_penitenciario,2022-09-03,1.5040274
sobradinho,2023-12-19,1.9026897
sobradinho,2023-12-20,1.7724307
sobradinho,2023-12-21,1.5999393
sobradinho,2023-12-22,1.7545174
sobradinho,2023-12-23,1.6581174
sobradinho,2023-12-24,1.4611846
sobradinho,2023-12-25,2.049508
sobradinho,2023-12-26,1.9069159
sobradinho,2023-12-27,1.816512
sobradinho,2023-12-28,1.6073418
sobradinho,2023-12-29,1.7833537
sobradinho,2023-12-30,1.6177577
sobradinho,2023-12-31,1.47054
sobradinho,2024-01-01,2.610095
sobradinho,2024-01-02,2.080059
sobradinho,2024-01-03,1.9160788
sobradinho,2024-01-04,1.347696
sobradinho,2024-01-05,2.0053914
sobradinho,2024-01-06,1.8530426
sobradinho,2024-01-07,1.6965529
sobradinho,2024-01-08,2.610095
sobradinho,2024-01-09,2.3050435
sobradinho,2024-01-10,1.9160788
sobradinho,2024-01-11,1.347696
sobradinho,2024-01-12,2.2303736
sobradinho,2024-01-13,1.8530426
sobradinho,2024-01-14,1.6965529
sobradinho,2024-01-15,2.610095
sobradinho,2024-01-16,1.979638
sobradinho,2024-01-17,1.8146691
sobradinho,2024-01-18,1.347696
sobradinho,2024-01-19,2.063087
sobradinho,2024-01-20,1.8530426
sobradinho,2024-01-21,1.6965529
sobradinho,2024-01-22,2.610095
sobradinho,2024-01-23,1.9219407
sobradinho,2024-01-24,1.8146691
sobradinho,2024-01-25,1.347696
sobradinho,2024-01-26,2.063087
sobradinho,2024-01-27,1.8530426
sobradinho,2024-01-28,1.6965529
sobradinho,2024-01-29,2.610095
sobradinho,2024-01-30,2.080059
sobradinho,2024-01-31,1.9160788
sobradinho,2024-02-01,1.3401428
sobradinho,2024-02-02,2.0047736
sobradinho,2024-02-03,1.8194163
sobradinho,2024-02-04,1.6218796
sobradinho,2024-02-05,2.085353
sobradinho,2024-02-06,1.879487
sobradinho,2024-02-07,1.6239187
sobradinho,2024-02-08,1.3401428
sobradinho,2024-02-09,2.0047736
sobradinho,2024-02-10,1.8194163
sobradinho,2024-02-11,1.6218796
sobradinho,2024-02-12,2.085353
sobradinho,2024-02-13,1.8519294
sobradinho,2024-02-14,1.6239187
sobradinho,2024-02-15,1.3401428
sobradinho,2024-02-16,2.0047736
sobradinho,2024-02-17,1.8194163
sobradinho,2024-02-18,1.6218796
sobradinho_ii,2023-12-17,1.3111229
sobradinho_ii,2023-12-18,1.7546253
sobradinho_ii,2023-12-19,1.677239
sobradinho_ii,2023-12-20,1.628356
sobradinho_ii,2023-12-21,1.4781055
sobradinho_ii,2023-12-22,1.7009321
sobradinho_ii,2023-12-23,1.5012121
sobradinho_ii,2023-12-24,1.4549493
sobradinho_ii,2023-12-25,1.8992568
sobradinho_ii,2023-12-26,1.7541107
sobradinho_ii,2023-12-27,1.7576637
sobradinho_ii,2023-12-28,1.565815
sobradinho_ii,2023-12-29,1.7545174
sobradinho_ii,2023-12-30,1.5889215
sobradinho_ii,2023-12-31,1.4549493
sobradinho_ii,2024-01-01,2.3164282
sobradinho_ii,2024-01-02,2.080059
sobradinho_ii,2024-01-03,1.9160788
sobradinho_ii,2024-01-04,1.347696
sobradinho_ii,2024-01-05,2.0053914
sobradinho_ii,2024-01-06,1.8530426
sobradinho_ii,2024-01-07,1.6965529
sobradinho_ii,2024-01-08,2.6002617
sobradinho_ii,2024-01-09,2.3050435
sobradinho_ii,2024-01-10,1.9160788
sobradinho_ii,2024-01-11,1.347696
sobradinho_ii,2024-01-12,2.2303736
sobradinho_ii,2024-01-13,1.8530426
sobradinho_ii,2024-01-14,1.6965529
sobradinho_ii,2024-01-15,2.610095
sobradinho_ii,2024-01-16,1.979638
sobradinho_ii,2024-01-17,1.8146691
sobradinho_ii,2024-01-18,1.347696
sobradinho_ii,2024-01-19,2.063087
sobradinho_ii,2024-01-20,1.8530426
sobradinho_ii,2024-01-21,1.6965529
sobradinho_ii,2024-01-22,2.610095
sobradinho_ii,2024-01-23,1.9219407
sobradinho_ii,2024-01-24,1.8146691
sobradinho_ii,2024-01-25,1.347696
sobradinho_ii,2024-01-26,2.063087
sobradinho_ii,2024-01-27,1.8530426
sobradinho_ii,2024-01-28,1.6965529
sobradinho_ii,2024-01-29,2.610095
sobradinho_ii,2024-01-30,2.080059
sobradinho_ii,2024-01-31,1.9160788
sobradinho_ii,2024-02-01,1.3401428
sobradinho_ii,2024-02-02,2.0047736
sobradinho_ii,2024-02-03,1.8194163
sobradinho_ii,2024-02-04,1.6218796
sobradinho_ii,2024-02-05,2.085353
sobradinho_ii,2024-02-06,1.879487
sobradinho_ii,2024-02-07,1.6239187
sobradinho_ii,2024-02-08,1.3401428
sobradinho_ii,2024-02-09,2.0047736
sobradinho_ii,2024-02-10,1.8194163
sobradinho_ii,2024-02-11,1.6218796
sobradinho_ii,2024-02-12,2.085353
sobradinho_ii,2024-02-13,1.8519294
sobradinho_ii,2024-02-14,1.6239187
sobradinho_ii,2024-02-15,1.3401428
sobradinho_ii,2024-02-16,2.0047736
sudoeste_octogonal,2023-12-19,2.572245
sudoeste_octogonal,2023-12-20,2.4422238
sudoeste_octogonal,2023-12-21,2.2420778
sudoeste_octogonal,2023-12-22,2.6314113
sudoeste_octogonal,2023-12-23,2.0000002
sudoeste_octogonal,2023-12-24,1.7616485
sudoeste_octogonal,2023-12-25,2.4613829
sudoeste_octogonal,2023-12-26,2.32089
sudoeste_octogonal,2023-12-27,2.2110949
sudoeste_octogonal,2023-12-28,2.0444016
sudoeste_octogonal,2023-12-29,2.141834
sudoeste_octogonal,2023-12-30,1.8847749
sudoeste_octogonal,2023-12-31,1.6362393
sudoeste_octogonal,2024-01-01,2.621005
sudoeste_octogonal,2024-01-02,2.1350214
sudoeste_octogonal,2024-01-03,1.9710411
sudoeste_octogonal,2024-01-04,1.5607786
sudoeste_octogonal,2024-01-05,2.063087
sudoeste_octogonal,2024-01-06,1.8596089
sudoeste_octogonal,2024-01-07,1.6965529
sudoeste_octogonal,2024-01-08,2.610095
sudoeste_octogonal,2024-01-09,1.979638
sudoeste_octogonal,2024-01-10,1.6499838
sudoeste_octogonal,2024-01-11,1.347696
sudoeste_octogonal,2024-01-12,2.063087
sudoeste_octogonal,2024-01-13,1.8530426
sudoeste_octogonal,2024-01-14,1.6965529
sudoeste_octogonal,2024-01-15,2.610095
sudoeste_octogonal,2024-01-16,1.9219407
sudoeste_octogonal,2024-01-17,1.8146691
sudoeste_octogonal,2024-01-18,1.347696
sudoeste_octogonal,2024-01-19,2.063087
sudoeste_octogonal,2024-01-20,1.8530426
sudoeste_octogonal,2024-01-21,1.6965529
sudoeste_octogonal,2024-01-22,2.610095
sudoeste_octogonal,2024-01-23,2.080059
sudoeste_octogonal,2024-01-24,1.9160788
sudoeste_octogonal,2024-01-25,1.347696
sudoeste_octogonal,2024-01-26,2.063087
sudoeste_octogonal,2024-01-27,1.8530426
sudoeste_octogonal,2024-01-28,1.6965529
sudoeste_octogonal,2024-01-29,2.610095
sudoeste_octogonal,2024-01-30,2.3050435
sudoeste_octogonal,2024-01-31,1.9160788
sudoeste_octogonal,2024-02-01,1.3401428
sudoeste_octogonal,2024-02-02,2.0047736
sudoeste_octogonal,2024-02-03,1.8194163
sudoeste_octogonal,2024-02-04,1.6218796
sudoeste_octogonal,2024-02-05,2.085353
sudoeste_octogonal,2024-02-06,1.8860533
sudoeste_octogonal,2024-02-07,1.6239187
sudoeste_octogonal,2024-02-08,1.3401428
sudoeste_octogonal,2024-02-09,2.0047736
sudoeste_octogonal,2024-02-10,1.8194163
sudoeste_octogonal,2024-02-11,1.6218796
sudoeste_octogonal,2024-02-12,2.085353
sudoeste_octogonal,2024-02-13,1.8519294
sudoeste_octogonal,2024-02-14,1.6239187
sudoeste_octogonal,2024-02-15,1.3401428
sudoeste_octogonal,2024-02-16,2.0047736
sudoeste_octogonal,2024-02-17,1.8194163
sudoeste_octogonal,2024-02-18,1.6218796
taguatinga,2023-12-19,2.2707164
taguatinga,2023-12-20,2.1065712
taguatinga,2023-12-21,1.886363
taguatinga,2023-12-22,2.1501398
taguatinga,2023-12-23,1.942245
taguatinga,2023-12-24,1.7735397
taguatinga,2023-12-25,2.7627718
taguatinga,2023-12-26,2.1766374
taguatinga,2023-12-27,2.1074274
taguatinga,2023-12-28,1.8641362
taguatinga,2023-12-29,1.9728607
taguatinga,2023-12-30,1.7426746
taguatinga,2023-12-31,1.6362393
taguatinga,2024-01-01,2.6126857
taguatinga,2024-01-02,2.1350214
taguatinga,2024-01-03,1.9710411
taguatinga,2024-01-04,1.347696
taguatinga,2024-01-05,2.0053914
taguatinga,2024-01-06,1.8530426
taguatinga,2024-01-07,1.6965529
taguatinga,2024-01-08,2.610095
taguatinga,2024-01-09,1.979638
taguatinga,2024-01-10,1.6499838
taguatinga,2024-01-11,1.347696
taguatinga,2024-01-12,2.2303736
taguatinga,2024-01-13,1.8530426
taguatinga,2024-01-14,1.6965529
taguatinga,2024-01-15,2.610095
taguatinga,2024-01-16,1.9219407
taguatinga,2024-01-17,1.8146691
taguatinga,2024-01-18,1.347696
taguatinga,2024-01-19,2.063087
taguatinga,2024-01-20,1.8530426
taguatinga,2024-01-21,1.6965529
taguatinga,2024-01-22,2.610095
taguatinga,2024-01-23,2.080059
taguatinga,2024-01-24,1.9160788
taguatinga,2024-01-25,1.347696
taguatinga,2024-01-26,2.063087
taguatinga,2024-01-27,1.8530426
taguatinga,2024-01-28,1.6965529
taguatinga,2024-01-29,2.610095
taguatinga,2024-01-30,2.3050435
taguatinga,2024-01-31,1.9160788
taguatinga,2024-02-01,1.3401428
taguatinga,2024-02-02,2.0047736
taguatinga,2024-02-03,1.8194163
taguatinga,2024-02-04,1.6218796
taguatinga,2024-02-05,2.085353
taguatinga,2024-02-06,1.8860533
taguatinga,2024-02-07,1.6239187
taguatinga,2024-02-08,1.3401428
taguatinga,2024-02-09,2.0047736
taguatinga,2024-02-10,1.8194163
taguatinga,2024-02-11,1.6218796
taguatinga,2024-02-12,2.085353
taguatinga,2024-02-13,1.8519294
taguatinga,2024-02-14,1.6239187
taguatinga,2024-02-15,1.3401428
taguatinga,2024-02-16,2.0047736
taguatinga,2024-02-17,1.8194163
taguatinga,2024-02-18,1.6218796
varjao,2023-12-15,1.5732034
varjao,2023-12-16,1.4223702
varjao,2023-12-17,1.3048875
varjao,2023-12-18,1.7626683
varjao,2023-12-19,1.677239
varjao,2023-12-20,1.628356
varjao,2023-12-21,1.4781055
varjao,2023-12-22,1.6668078
varjao,2023-12-23,1.5012121
varjao,2023-12-24,1.4549493
varjao,2023-12-25,1.8992568
varjao,2023-12-26,1.7541107
varjao,2023-12-27,1.7576637
varjao,2023-12-28,1.565815
varjao,2023-12-29,1.7545174
varjao,2023-12-30,1.5889215
varjao,2023-12-31,1.4549493
varjao,2024-01-01,2.3164282
varjao,2024-01-02,2.080059
varjao,2024-01-03,1.9160788
varjao,2024-01-04,1.347696
varjao,2024-01-05,2.0053914
varjao,2024-01-06,1.8530426
varjao,2024-01-07,1.6965529
varjao,2024-01-08,2.6002617
varjao,2024-01-09,2.3050435
varjao,2024-01-10,1.9160788
varjao,2024-01-11,1.347696
varjao,2024-01-12,2.2303736
varjao,2024-01-13,1.8530426
varjao,2024-01-14,1.6965529
varjao,2024-01-15,2.610095
varjao,2024-01-16,1.979638
varjao,2024-01-17,1.8146691
varjao,2024-01-18,1.347696
varjao,2024-01-19,2.063087
varjao,2024-01-20,1.8530426
varjao,2024-01-21,1.6965529
varjao,2024-01-22,2.610095
varjao,2024-01-23,1.9219407
varjao,2024-01-24,1.8146691
varjao,2024-01-25,1.347696
varjao,2024-01-26,2.063087
varjao,2024-01-27,1.8530426
varjao,2024-01-28,1.6965529
varjao,2024-01-29,2.610095
varjao,2024-01-30,2.080059
varjao,2024-01-31,1.9160788
varjao,2024-02-01,1.3401428
varjao,2024-02-02,2.0047736
varjao,2024-02-03,1.8194163
varjao,2024-02-04,1.6218796
varjao,2024-02-05,2.085353
varjao,2024-02-06,1.879487
varjao,2024-02-07,1.6239187
varjao,2024-02-08,1.3401428
varjao,2024-02-09,2.0047736
varjao,2024-02-10,1.8194163
varjao,2024-02-11,1.6218796
varjao,2024-02-12,2.085353
varjao,2024-02-13,1.8519294
varjao,2024-02-14,1.6239187
vicente_pires,2023-12-14,1.6724765
vicente_pires,2023-12-15,1.8826127
vicente_pires,2023-12-16,1.6700051
vicente_pires,2023-12-17,1.5938083
vicente_pires,2023-12-18,1.9333812
vicente_pires,2023-12-19,1.7882352
vicente_pires,2023-12-20,1.7576637
vicente_pires,2023-12-21,1.6073418
vicente_pires,2023-12-22,1.7833537
vicente_pires,2023-12-23,1.6177577
vicente_pires,2023-12-24,1.4767754
vicente_pires,2023-12-25,1.975894
vicente_pires,2023-12-26,1.8866069
vicente_pires,2023-12-27,1.816512
vicente_pires,2023-12-28,1.6073418
vicente_pires,2023-12-29,1.7833537
vicente_pires,2023-12-30,1.6177577
vicente_pires,2023-12-31,1.47054
vicente_pires,2024-01-01,2.3752766
vicente_pires,2024-01-02,2.080059
vicente_pires,2024-01-03,1.9160788
vicente_pires,2024-01-04,1.347696
vicente_pires,2024-01-05,2.0053914
vicente_pires,2024-01-06,1.8530426
vicente_pires,2024-01-07,1.6965529
vicente_pires,2024-01-08,2.6002617
vicente_pires,2024-01-09,2.3050435
vicente_pires,2024-01-10,1.9160788
vicente_pires,2024-01-11,1.347696
vicente_pires,2024-01-12,2.2303736
vicente_pires,2024-01-13,1.8530426
vicente_pires,2024-01-14,1.6965529
vicente_pires,2024-01-15,2.610095
vicente_pires,2024-01-16,1.979638
vicente_pires,2024-01-17,1.8146691
vicente_pires,2024-01-18,1.347696
vicente_pires,2024-01-19,2.063087
vicente_pires,2024-01-20,1.8530426
vicente_pires,2024-01-21,1.6965529
vicente_pires,2024-01-22,2.610095
vicente_pires,2024-01-23,1.9219407
vicente_pires,2024-01-24,1.8146691
vicente_pires,2024-01-25,1.347696
vicente_pires,2024-01-26,2.063087
vicente_pires,2024-01-27,1.8530426
vicente_pires,2024-01-28,1.6965529
vicente_pires,2024-01-29,2.610095
vicente_pires,2024-01-30,2.080059
vicente_pires,2024-01-31,1.9160788
vicente_pires,2024-02-01,1.3401428
vicente_pires,2024-02-02,2.0047736
vicente_pires,2024-02-03,1.8194163
vicente_pires,2024-02-04,1.6218796
vicente_pires,2024-02-05,2.085353
vicente_pires,2024-02-06,1.879487
vicente_pires,2024-02-07,1.6239187
vicente_pires,2024-02-08,1.3401428
vicente_pires,2024-02-09,2.0047736
vicente_pires,2024-02-10,1.8194163
vicente_pires,2024-02-11,1.6218796
vicente_pires,2024-02-12,2.085353
vicente_pires,2024-02-13,1.8519294
